source,pathway,pathway_clean,NES,padj,size
Hallmark,HALLMARK_FATTY_ACID_METABOLISM,FATTY ACID METABOLISM,-1.6923585421766831,0.03875243662382658,87
Hallmark,HALLMARK_OXIDATIVE_PHOSPHORYLATION,OXIDATIVE PHOSPHORYLATION,-1.7508001346019646,0.05447847694730844,50
Hallmark,HALLMARK_COAGULATION,COAGULATION,1.4514740438745983,0.1475059666846399,103
Hallmark,HALLMARK_CHOLESTEROL_HOMEOSTASIS,CHOLESTEROL HOMEOSTASIS,-1.5566261445445526,0.2490714685418096,34
Hallmark,HALLMARK_EPITHELIAL_MESENCHYMAL_TRANSITION,EPITHELIAL MESENCHYMAL TRANSITION,-1.398324466045541,0.2490714685418096,135
Hallmark,HALLMARK_KRAS_SIGNALING_UP,KRAS SIGNALING UP,1.3681378025996047,0.2490714685418096,98
Hallmark,HALLMARK_MYOGENESIS,MYOGENESIS,1.3729142038826447,0.2490714685418096,88
Hallmark,HALLMARK_GLYCOLYSIS,GLYCOLYSIS,-1.283055835789225,0.498792270531401,104
Hallmark,HALLMARK_INTERFERON_GAMMA_RESPONSE,INTERFERON GAMMA RESPONSE,1.2439344969570671,0.498792270531401,96
Hallmark,HALLMARK_PANCREAS_BETA_CELLS,PANCREAS BETA CELLS,-1.3346481009865296,0.5548780487804879,18
Hallmark,HALLMARK_MYC_TARGETS_V2,MYC TARGETS V2,-1.2897485613231148,0.5852226720647774,16
Hallmark,HALLMARK_TNFA_SIGNALING_VIA_NFKB,TNFA SIGNALING VIA NFKB,1.1658014535358443,0.5852226720647774,99
Hallmark,HALLMARK_WNT_BETA_CATENIN_SIGNALING,WNT BETA CATENIN SIGNALING,-1.2977852216775245,0.5852226720647774,16
Hallmark,HALLMARK_ANDROGEN_RESPONSE,ANDROGEN RESPONSE,-1.1390612958798714,0.631188831318365,44
Hallmark,HALLMARK_ANGIOGENESIS,ANGIOGENESIS,-1.1112364393188476,0.631188831318365,27
Hallmark,HALLMARK_BILE_ACID_METABOLISM,BILE ACID METABOLISM,1.1006746633344429,0.631188831318365,31
Hallmark,HALLMARK_COMPLEMENT,COMPLEMENT,1.1119960655498031,0.631188831318365,126
Hallmark,HALLMARK_ESTROGEN_RESPONSE_EARLY,ESTROGEN RESPONSE EARLY,1.171729935756049,0.631188831318365,62
Hallmark,HALLMARK_IL2_STAT5_SIGNALING,IL2 STAT5 SIGNALING,-1.1442452212577463,0.631188831318365,98
Hallmark,HALLMARK_INTERFERON_ALPHA_RESPONSE,INTERFERON ALPHA RESPONSE,-1.150761301379963,0.631188831318365,36
Hallmark,HALLMARK_MTORC1_SIGNALING,MTORC1 SIGNALING,-1.1321663382473999,0.631188831318365,94
Hallmark,HALLMARK_REACTIVE_OXYGEN_SPECIES_PATHWAY,REACTIVE OXYGEN SPECIES PATHWAY,1.095450331844548,0.631188831318365,24
Hallmark,HALLMARK_SPERMATOGENESIS,SPERMATOGENESIS,-1.1021166300390435,0.631188831318365,45
Hallmark,HALLMARK_XENOBIOTIC_METABOLISM,XENOBIOTIC METABOLISM,-1.1192993600230143,0.631188831318365,105
Hallmark,HALLMARK_ALLOGRAFT_REJECTION,ALLOGRAFT REJECTION,1.0620533539584522,0.6742857142857143,128
Hallmark,HALLMARK_INFLAMMATORY_RESPONSE,INFLAMMATORY RESPONSE,1.0170690959995374,0.7865761689291101,110
Hallmark,HALLMARK_APICAL_JUNCTION,APICAL JUNCTION,-0.945366318975153,0.8045569620253163,102
Hallmark,HALLMARK_APICAL_SURFACE,APICAL SURFACE,-0.9931595460232066,0.8045569620253163,23
Hallmark,HALLMARK_DNA_REPAIR,DNA REPAIR,0.9448331016744663,0.8045569620253163,51
Hallmark,HALLMARK_ESTROGEN_RESPONSE_LATE,ESTROGEN RESPONSE LATE,0.9555896020821973,0.8045569620253163,79
Hallmark,HALLMARK_HEDGEHOG_SIGNALING,HEDGEHOG SIGNALING,-0.9304297649145229,0.8045569620253163,17
Hallmark,HALLMARK_HEME_METABOLISM,HEME METABOLISM,-0.9803974972752502,0.8045569620253163,70
Hallmark,HALLMARK_HYPOXIA,HYPOXIA,-0.9511768222569454,0.8045569620253163,102
Hallmark,HALLMARK_KRAS_SIGNALING_DN,KRAS SIGNALING DN,0.9534167011564092,0.8045569620253163,74
Hallmark,HALLMARK_UV_RESPONSE_UP,UV RESPONSE UP,-0.9337696172383428,0.8045569620253163,71
Hallmark,HALLMARK_IL6_JAK_STAT3_SIGNALING,IL6 JAK STAT3 SIGNALING,0.9078129904618761,0.8591129591129592,71
Hallmark,HALLMARK_P53_PATHWAY,P53 PATHWAY,-0.9022247528153206,0.8591129591129592,75
Hallmark,HALLMARK_PEROXISOME,PEROXISOME,-0.8766238361973262,0.8721682847896439,40
Hallmark,HALLMARK_ADIPOGENESIS,ADIPOGENESIS,-0.870226784174218,0.8765652951699463,74
Hallmark,HALLMARK_APOPTOSIS,APOPTOSIS,0.851735021699483,0.9765964164496014,90
Hallmark,HALLMARK_UNFOLDED_PROTEIN_RESPONSE,UNFOLDED PROTEIN RESPONSE,-0.7889841276427995,0.9765964164496014,41
Hallmark,HALLMARK_G2M_CHECKPOINT,G2M CHECKPOINT,0.7857424637665121,0.9837099919697144,66
Hallmark,HALLMARK_MITOTIC_SPINDLE,MITOTIC SPINDLE,0.8027660836550718,0.9837099919697144,50
Hallmark,HALLMARK_MYC_TARGETS_V1,MYC TARGETS V1,0.7731507927824288,0.9837099919697144,94
Hallmark,HALLMARK_PROTEIN_SECRETION,PROTEIN SECRETION,0.7413213981013174,0.9837099919697144,43
Hallmark,HALLMARK_TGF_BETA_SIGNALING,TGF BETA SIGNALING,-0.697668551702272,0.9837099919697144,26
Hallmark,HALLMARK_UV_RESPONSE_DN,UV RESPONSE DN,-0.689382879628424,0.9876819708846585,57
Hallmark,HALLMARK_E2F_TARGETS,E2F TARGETS,0.6639504586109727,0.989821882951654,70
Hallmark,HALLMARK_PI3K_AKT_MTOR_SIGNALING,PI3K AKT MTOR SIGNALING,0.6261548348070671,0.989821882951654,61
KEGG,KEGG_COMPLEMENT_AND_COAGULATION_CASCADES,COMPLEMENT AND COAGULATION CASCADES,1.8882730831025347,0.02790144687683691,53
KEGG,KEGG_VALINE_LEUCINE_AND_ISOLEUCINE_DEGRADATION,VALINE LEUCINE AND ISOLEUCINE DEGRADATION,-2.0326840662883576,0.02790144687683691,20
KEGG,KEGG_ARGININE_AND_PROLINE_METABOLISM,ARGININE AND PROLINE METABOLISM,-1.8980587875280295,0.05996670122579762,24
KEGG,KEGG_LYSOSOME,LYSOSOME,-1.749168134637843,0.05996670122579762,55
KEGG,KEGG_CYTOKINE_CYTOKINE_RECEPTOR_INTERACTION,CYTOKINE CYTOKINE RECEPTOR INTERACTION,1.4140310045348445,0.07063562359688709,219
KEGG,KEGG_GLYCOLYSIS_GLUCONEOGENESIS,GLYCOLYSIS GLUCONEOGENESIS,-1.7514468233895526,0.07063562359688709,41
KEGG,KEGG_AXON_GUIDANCE,AXON GUIDANCE,-1.5348209025950217,0.11519380212886428,89
KEGG,KEGG_FATTY_ACID_METABOLISM,FATTY ACID METABOLISM,-1.7572259916948914,0.1288942558412765,21
KEGG,KEGG_APOPTOSIS,APOPTOSIS,-1.5861106152445732,0.20224865407349485,48
KEGG,KEGG_DRUG_METABOLISM_CYTOCHROME_P450,DRUG METABOLISM CYTOCHROME P450,-1.6419288543413781,0.20238059907470637,26
KEGG,KEGG_METABOLISM_OF_XENOBIOTICS_BY_CYTOCHROME_P450,METABOLISM OF XENOBIOTICS BY CYTOCHROME P450,-1.6062925682544436,0.20238059907470637,29
KEGG,KEGG_SYSTEMIC_LUPUS_ERYTHEMATOSUS,SYSTEMIC LUPUS ERYTHEMATOSUS,1.5971760993793496,0.20238059907470637,29
KEGG,KEGG_ECM_RECEPTOR_INTERACTION,ECM RECEPTOR INTERACTION,-1.500681640564995,0.280811242675533,39
KEGG,KEGG_GLUTATHIONE_METABOLISM,GLUTATHIONE METABOLISM,-1.5377738913502483,0.280811242675533,29
KEGG,KEGG_TYPE_II_DIABETES_MELLITUS,TYPE II DIABETES MELLITUS,1.5231119812442286,0.280811242675533,18
KEGG,KEGG_ALZHEIMERS_DISEASE,ALZHEIMERS DISEASE,-1.4146734208178688,0.29516129032258065,46
KEGG,KEGG_AMINO_SUGAR_AND_NUCLEOTIDE_SUGAR_METABOLISM,AMINO SUGAR AND NUCLEOTIDE SUGAR METABOLISM,-1.5031019266256738,0.29516129032258065,27
KEGG,KEGG_B_CELL_RECEPTOR_SIGNALING_PATHWAY,B CELL RECEPTOR SIGNALING PATHWAY,-1.397619044256667,0.29516129032258065,44
KEGG,KEGG_CELL_ADHESION_MOLECULES_CAMS,CELL ADHESION MOLECULES CAMS,-1.3715992543028883,0.29516129032258065,65
KEGG,KEGG_CHEMOKINE_SIGNALING_PATHWAY,CHEMOKINE SIGNALING PATHWAY,1.276719932626252,0.29516129032258065,94
KEGG,KEGG_P53_SIGNALING_PATHWAY,P53 SIGNALING PATHWAY,-1.4579174751822255,0.29516129032258065,26
KEGG,KEGG_PYRUVATE_METABOLISM,PYRUVATE METABOLISM,-1.515588079708568,0.29516129032258065,17
KEGG,KEGG_STARCH_AND_SUCROSE_METABOLISM,STARCH AND SUCROSE METABOLISM,-1.5381404351413424,0.29516129032258065,20
KEGG,KEGG_TYROSINE_METABOLISM,TYROSINE METABOLISM,-1.5345786746916992,0.29516129032258065,22
KEGG,KEGG_RETINOL_METABOLISM,RETINOL METABOLISM,-1.4596065915354346,0.34185639229422066,15
KEGG,KEGG_PRION_DISEASES,PRION DISEASES,1.3760740236793942,0.4680890885270448,25
KEGG,KEGG_SNARE_INTERACTIONS_IN_VESICULAR_TRANSPORT,SNARE INTERACTIONS IN VESICULAR TRANSPORT,-1.3095186764076814,0.5122516763802719,25
KEGG,KEGG_ANTIGEN_PROCESSING_AND_PRESENTATION,ANTIGEN PROCESSING AND PRESENTATION,1.2377812357409625,0.6224489795918366,51
KEGG,KEGG_NEUROACTIVE_LIGAND_RECEPTOR_INTERACTION,NEUROACTIVE LIGAND RECEPTOR INTERACTION,1.253917173990193,0.6344416027280477,33
KEGG,KEGG_PEROXISOME,PEROXISOME,-1.246992020303542,0.6344416027280477,26
KEGG,KEGG_NOTCH_SIGNALING_PATHWAY,NOTCH SIGNALING PATHWAY,-1.2530128030959597,0.7186535764375876,19
KEGG,KEGG_HEDGEHOG_SIGNALING_PATHWAY,HEDGEHOG SIGNALING PATHWAY,-1.2371571952633778,0.7339224872231687,20
KEGG,KEGG_FRUCTOSE_AND_MANNOSE_METABOLISM,FRUCTOSE AND MANNOSE METABOLISM,-1.1992490073018334,0.7359408445222806,20
KEGG,KEGG_LEUKOCYTE_TRANSENDOTHELIAL_MIGRATION,LEUKOCYTE TRANSENDOTHELIAL MIGRATION,1.156414007831286,0.7359408445222806,51
KEGG,KEGG_O_GLYCAN_BIOSYNTHESIS,O GLYCAN BIOSYNTHESIS,-1.2196619049462847,0.7359408445222806,15
KEGG,KEGG_PURINE_METABOLISM,PURINE METABOLISM,-1.163819636858918,0.7359408445222806,64
KEGG,KEGG_GLYCEROPHOSPHOLIPID_METABOLISM,GLYCEROPHOSPHOLIPID METABOLISM,1.1706442591756654,0.8326552040950257,16
KEGG,KEGG_TGF_BETA_SIGNALING_PATHWAY,TGF BETA SIGNALING PATHWAY,1.1199764656053155,0.8326552040950257,54
KEGG,KEGG_GALACTOSE_METABOLISM,GALACTOSE METABOLISM,-1.1196741539788064,0.9045458228668666,17
KEGG,KEGG_PATHOGENIC_ESCHERICHIA_COLI_INFECTION,PATHOGENIC ESCHERICHIA COLI INFECTION,-1.113267535449433,0.9045458228668666,22
KEGG,KEGG_PHOSPHATIDYLINOSITOL_SIGNALING_SYSTEM,PHOSPHATIDYLINOSITOL SIGNALING SYSTEM,1.1315459931137837,0.9045458228668666,19
KEGG,KEGG_PYRIMIDINE_METABOLISM,PYRIMIDINE METABOLISM,-1.098061454838862,0.9045458228668666,39
KEGG,KEGG_REGULATION_OF_AUTOPHAGY,REGULATION OF AUTOPHAGY,1.1026229779504357,0.9045458228668666,22
KEGG,KEGG_ETHER_LIPID_METABOLISM,ETHER LIPID METABOLISM,1.082659026450831,0.9045697568848986,15
KEGG,KEGG_RNA_DEGRADATION,RNA DEGRADATION,-1.1041738707936581,0.9045697568848986,17
KEGG,KEGG_VIRAL_MYOCARDITIS,VIRAL MYOCARDITIS,-1.095606504568329,0.9045697568848986,24
KEGG,KEGG_TYPE_I_DIABETES_MELLITUS,TYPE I DIABETES MELLITUS,-1.0852507110373748,0.9164107308048104,19
KEGG,KEGG_JAK_STAT_SIGNALING_PATHWAY,JAK STAT SIGNALING PATHWAY,1.04842881014451,0.9699396471680594,112
KEGG,KEGG_HUNTINGTONS_DISEASE,HUNTINGTONS DISEASE,1.0300954578671153,0.9787895502181216,42
KEGG,KEGG_ACUTE_MYELOID_LEUKEMIA,ACUTE MYELOID LEUKEMIA,-0.6882060875384345,1,29
KEGG,KEGG_ADHERENS_JUNCTION,ADHERENS JUNCTION,-0.5383156621664498,1,38
KEGG,KEGG_ADIPOCYTOKINE_SIGNALING_PATHWAY,ADIPOCYTOKINE SIGNALING PATHWAY,-0.7604157425017308,1,29
KEGG,KEGG_ALDOSTERONE_REGULATED_SODIUM_REABSORPTION,ALDOSTERONE REGULATED SODIUM REABSORPTION,-0.8985816428438772,1,17
KEGG,KEGG_ALLOGRAFT_REJECTION,ALLOGRAFT REJECTION,-0.9287000195306723,1,16
KEGG,KEGG_AMYOTROPHIC_LATERAL_SCLEROSIS_ALS,AMYOTROPHIC LATERAL SCLEROSIS ALS,-0.762367487160378,1,29
KEGG,KEGG_ARACHIDONIC_ACID_METABOLISM,ARACHIDONIC ACID METABOLISM,0.9628445855319478,1,22
KEGG,KEGG_ARRHYTHMOGENIC_RIGHT_VENTRICULAR_CARDIOMYOPATHY_ARVC,ARRHYTHMOGENIC RIGHT VENTRICULAR CARDIOMYOPATHY ARVC,-0.8702050791811714,1,19
KEGG,KEGG_AUTOIMMUNE_THYROID_DISEASE,AUTOIMMUNE THYROID DISEASE,0.9654521139714265,1,28
KEGG,KEGG_BASAL_CELL_CARCINOMA,BASAL CELL CARCINOMA,-0.660412831682276,1,15
KEGG,KEGG_BLADDER_CANCER,BLADDER CANCER,-0.6373975959064012,1,31
KEGG,KEGG_CALCIUM_SIGNALING_PATHWAY,CALCIUM SIGNALING PATHWAY,-0.649661925117927,1,35
KEGG,KEGG_CARDIAC_MUSCLE_CONTRACTION,CARDIAC MUSCLE CONTRACTION,0.9154333063847576,1,20
KEGG,KEGG_CELL_CYCLE,CELL CYCLE,0.877724067276228,1,48
KEGG,KEGG_CHRONIC_MYELOID_LEUKEMIA,CHRONIC MYELOID LEUKEMIA,-0.5630018758034748,1,43
KEGG,KEGG_COLORECTAL_CANCER,COLORECTAL CANCER,-0.6523934116530368,1,37
KEGG,KEGG_CYTOSOLIC_DNA_SENSING_PATHWAY,CYTOSOLIC DNA SENSING PATHWAY,0.5674588828876405,1,24
KEGG,KEGG_DILATED_CARDIOMYOPATHY,DILATED CARDIOMYOPATHY,1.0332750051349564,1,23
KEGG,KEGG_DRUG_METABOLISM_OTHER_ENZYMES,DRUG METABOLISM OTHER ENZYMES,-0.798553075700212,1,20
KEGG,KEGG_ENDOCYTOSIS,ENDOCYTOSIS,-0.7240310588155754,1,81
KEGG,KEGG_ENDOMETRIAL_CANCER,ENDOMETRIAL CANCER,-1.0249884869126604,1,31
KEGG,KEGG_EPITHELIAL_CELL_SIGNALING_IN_HELICOBACTER_PYLORI_INFECTION,EPITHELIAL CELL SIGNALING IN HELICOBACTER PYLORI INFECTION,0.6671484573449832,1,31
KEGG,KEGG_ERBB_SIGNALING_PATHWAY,ERBB SIGNALING PATHWAY,-0.820398549442959,1,65
KEGG,KEGG_FC_EPSILON_RI_SIGNALING_PATHWAY,FC EPSILON RI SIGNALING PATHWAY,0.6639125979916285,1,54
KEGG,KEGG_FC_GAMMA_R_MEDIATED_PHAGOCYTOSIS,FC GAMMA R MEDIATED PHAGOCYTOSIS,-0.9088826879028384,1,46
KEGG,KEGG_FOCAL_ADHESION,FOCAL ADHESION,-0.9912754437447168,1,113
KEGG,KEGG_GAP_JUNCTION,GAP JUNCTION,-0.8028668742206964,1,32
KEGG,KEGG_GLIOMA,GLIOMA,-0.7074301907102751,1,40
KEGG,KEGG_GNRH_SIGNALING_PATHWAY,GNRH SIGNALING PATHWAY,0.6941153499611901,1,50
KEGG,KEGG_GRAFT_VERSUS_HOST_DISEASE,GRAFT VERSUS HOST DISEASE,0.905403451835608,1,21
KEGG,KEGG_HEMATOPOIETIC_CELL_LINEAGE,HEMATOPOIETIC CELL LINEAGE,-0.9181893491301221,1,62
KEGG,KEGG_HYPERTROPHIC_CARDIOMYOPATHY_HCM,HYPERTROPHIC CARDIOMYOPATHY HCM,-0.9564125562706095,1,23
KEGG,KEGG_INOSITOL_PHOSPHATE_METABOLISM,INOSITOL PHOSPHATE METABOLISM,0.9907853117935833,1,18
KEGG,KEGG_INSULIN_SIGNALING_PATHWAY,INSULIN SIGNALING PATHWAY,-0.5851587421130108,1,56
KEGG,KEGG_INTESTINAL_IMMUNE_NETWORK_FOR_IGA_PRODUCTION,INTESTINAL IMMUNE NETWORK FOR IGA PRODUCTION,-0.8607402031414384,1,26
KEGG,KEGG_LEISHMANIA_INFECTION,LEISHMANIA INFECTION,0.8801252462989808,1,44
KEGG,KEGG_LONG_TERM_DEPRESSION,LONG TERM DEPRESSION,-0.7762906652094067,1,31
KEGG,KEGG_LONG_TERM_POTENTIATION,LONG TERM POTENTIATION,-0.847881750108346,1,27
KEGG,KEGG_MAPK_SIGNALING_PATHWAY,MAPK SIGNALING PATHWAY,-0.8858796271486429,1,138
KEGG,KEGG_MELANOGENESIS,MELANOGENESIS,0.7460493669764453,1,35
KEGG,KEGG_MELANOMA,MELANOMA,0.7986905094743366,1,52
KEGG,KEGG_MTOR_SIGNALING_PATHWAY,MTOR SIGNALING PATHWAY,-0.8121259774959259,1,27
KEGG,KEGG_NATURAL_KILLER_CELL_MEDIATED_CYTOTOXICITY,NATURAL KILLER CELL MEDIATED CYTOTOXICITY,0.7618556158598764,1,100
KEGG,KEGG_NEUROTROPHIN_SIGNALING_PATHWAY,NEUROTROPHIN SIGNALING PATHWAY,-0.9922919351540301,1,75
KEGG,KEGG_NOD_LIKE_RECEPTOR_SIGNALING_PATHWAY,NOD LIKE RECEPTOR SIGNALING PATHWAY,-0.8149458207852682,1,39
KEGG,KEGG_NON_SMALL_CELL_LUNG_CANCER,NON SMALL CELL LUNG CANCER,-0.7597744209782049,1,30
KEGG,KEGG_OOCYTE_MEIOSIS,OOCYTE MEIOSIS,-0.6859062584031286,1,39
KEGG,KEGG_OXIDATIVE_PHOSPHORYLATION,OXIDATIVE PHOSPHORYLATION,0.784149493683942,1,16
KEGG,KEGG_PANCREATIC_CANCER,PANCREATIC CANCER,-0.48070406881378314,1,42
KEGG,KEGG_PARKINSONS_DISEASE,PARKINSONS DISEASE,-0.7771236150986875,1,28
KEGG,KEGG_PATHWAYS_IN_CANCER,PATHWAYS IN CANCER,0.7404806766155667,1,167
KEGG,KEGG_PENTOSE_PHOSPHATE_PATHWAY,PENTOSE PHOSPHATE PATHWAY,-0.9977804375156125,1,20
KEGG,KEGG_PORPHYRIN_AND_CHLOROPHYLL_METABOLISM,PORPHYRIN AND CHLOROPHYLL METABOLISM,0.773691404968573,1,17
KEGG,KEGG_PPAR_SIGNALING_PATHWAY,PPAR SIGNALING PATHWAY,0.9321676247726471,1,28
KEGG,KEGG_PRIMARY_IMMUNODEFICIENCY,PRIMARY IMMUNODEFICIENCY,1.024066163535067,1,17
KEGG,KEGG_PROGESTERONE_MEDIATED_OOCYTE_MATURATION,PROGESTERONE MEDIATED OOCYTE MATURATION,-0.7467565425658005,1,42
KEGG,KEGG_PROSTATE_CANCER,PROSTATE CANCER,0.6756012542336571,1,52
KEGG,KEGG_PROTEASOME,PROTEASOME,0.6908835076910816,1,21
KEGG,KEGG_REGULATION_OF_ACTIN_CYTOSKELETON,REGULATION OF ACTIN CYTOSKELETON,-0.6406806920016419,1,98
KEGG,KEGG_RENAL_CELL_CARCINOMA,RENAL CELL CARCINOMA,-0.6097611669525628,1,40
KEGG,KEGG_RIG_I_LIKE_RECEPTOR_SIGNALING_PATHWAY,RIG I LIKE RECEPTOR SIGNALING PATHWAY,-0.6817070622756488,1,39
KEGG,KEGG_SMALL_CELL_LUNG_CANCER,SMALL CELL LUNG CANCER,-0.7417169090580779,1,32
KEGG,KEGG_SPHINGOLIPID_METABOLISM,SPHINGOLIPID METABOLISM,-0.9250644416639668,1,15
KEGG,KEGG_SPLICEOSOME,SPLICEOSOME,0.9608535092452025,1,40
KEGG,KEGG_STEROID_HORMONE_BIOSYNTHESIS,STEROID HORMONE BIOSYNTHESIS,-0.8541641669958124,1,15
KEGG,KEGG_TIGHT_JUNCTION,TIGHT JUNCTION,0.6640917011151456,1,46
KEGG,KEGG_TOLL_LIKE_RECEPTOR_SIGNALING_PATHWAY,TOLL LIKE RECEPTOR SIGNALING PATHWAY,-0.773121305909209,1,66
KEGG,KEGG_T_CELL_RECEPTOR_SIGNALING_PATHWAY,T CELL RECEPTOR SIGNALING PATHWAY,-0.8099377568522921,1,65
KEGG,KEGG_UBIQUITIN_MEDIATED_PROTEOLYSIS,UBIQUITIN MEDIATED PROTEOLYSIS,0.608575017532397,1,47
KEGG,KEGG_VASCULAR_SMOOTH_MUSCLE_CONTRACTION,VASCULAR SMOOTH MUSCLE CONTRACTION,-0.945659674184146,1,32
KEGG,KEGG_VASOPRESSIN_REGULATED_WATER_REABSORPTION,VASOPRESSIN REGULATED WATER REABSORPTION,0.4887145531843438,1,19
KEGG,KEGG_VEGF_SIGNALING_PATHWAY,VEGF SIGNALING PATHWAY,-0.6549296724004923,1,50
KEGG,KEGG_WNT_SIGNALING_PATHWAY,WNT SIGNALING PATHWAY,-0.7168744623405694,1,56
Reactome,REACTOME_ANTIMICROBIAL_PEPTIDES,ANTIMICROBIAL PEPTIDES,2.061842939231567,0.011451347849615556,60
Reactome,REACTOME_CHEMOKINE_RECEPTORS_BIND_CHEMOKINES,CHEMOKINE RECEPTORS BIND CHEMOKINES,2.188197270939613,0.011451347849615556,32
Reactome,REACTOME_DISEASES_ASSOCIATED_WITH_GLYCOSAMINOGLYCAN_METABOLISM,DISEASES ASSOCIATED WITH GLYCOSAMINOGLYCAN METABOLISM,-2.070869512038914,0.011451347849615556,29
Reactome,REACTOME_DISEASES_OF_METABOLISM,DISEASES OF METABOLISM,-1.8705407865121084,0.011451347849615556,113
Reactome,REACTOME_METABOLISM_OF_CARBOHYDRATES_AND_CARBOHYDRATE_DERIVATIVES,METABOLISM OF CARBOHYDRATES AND CARBOHYDRATE DERIVATIVES,-1.7566703399393986,0.01882455303108334,142
Reactome,REACTOME_BIOLOGICAL_OXIDATIONS,BIOLOGICAL OXIDATIONS,-1.8456860204257206,0.022391615144723487,77
Reactome,REACTOME_KERATAN_SULFATE_KERATIN_METABOLISM,KERATAN SULFATE KERATIN METABOLISM,-2.02071112619593,0.022391615144723487,24
Reactome,REACTOME_SENSORY_PERCEPTION,SENSORY PERCEPTION,-1.8609291845406777,0.022391615144723487,64
Reactome,REACTOME_COMPLEMENT_CASCADE,COMPLEMENT CASCADE,1.8442775665825015,0.05053095748247003,48
Reactome,REACTOME_KERATAN_SULFATE_BIOSYNTHESIS,KERATAN SULFATE BIOSYNTHESIS,-1.9405948458759799,0.05792435226824358,21
Reactome,REACTOME_INTERLEUKIN_4_AND_INTERLEUKIN_13_SIGNALING,INTERLEUKIN 4 AND INTERLEUKIN 13 SIGNALING,1.6881097662730933,0.06574175749721702,77
Reactome,REACTOME_GLUCONEOGENESIS,GLUCONEOGENESIS,-1.840797760338169,0.1042159141652213,18
Reactome,REACTOME_VISUAL_PHOTOTRANSDUCTION,VISUAL PHOTOTRANSDUCTION,-1.7467804772647042,0.10805069458089904,43
Reactome,REACTOME_CLASS_A_1_RHODOPSIN_LIKE_RECEPTORS,CLASS A 1 RHODOPSIN LIKE RECEPTORS,1.530038546803901,0.13307318618496264,97
Reactome,REACTOME_METABOLISM_OF_AMINO_ACIDS_AND_DERIVATIVES,METABOLISM OF AMINO ACIDS AND DERIVATIVES,-1.6034488509093978,0.13307318618496264,109
Reactome,REACTOME_METABOLISM_OF_FAT_SOLUBLE_VITAMINS,METABOLISM OF FAT SOLUBLE VITAMINS,-1.8017454005810143,0.13307318618496264,31
Reactome,REACTOME_MITOCHONDRIAL_PROTEIN_DEGRADATION,MITOCHONDRIAL PROTEIN DEGRADATION,-1.7322434454521483,0.13307318618496264,30
Reactome,REACTOME_POST_TRANSLATIONAL_MODIFICATION_SYNTHESIS_OF_GPI_ANCHORED_PROTEINS,POST TRANSLATIONAL MODIFICATION SYNTHESIS OF GPI ANCHORED PROTEINS,-1.7879707225919521,0.13307318618496264,31
Reactome,REACTOME_SIGNALING_BY_NOTCH1,SIGNALING BY NOTCH1,-1.7919848208683797,0.13307318618496264,26
Reactome,REACTOME_STRIATED_MUSCLE_CONTRACTION,STRIATED MUSCLE CONTRACTION,1.8323200126237262,0.1351935442112036,16
Reactome,REACTOME_DISEASES_OF_GLYCOSYLATION,DISEASES OF GLYCOSYLATION,-1.5891598599166779,0.14741054237645249,65
Reactome,REACTOME_ACTIVATED_NOTCH1_TRANSMITS_SIGNAL_TO_THE_NUCLEUS,ACTIVATED NOTCH1 TRANSMITS SIGNAL TO THE NUCLEUS,-1.7681538473906724,0.14757016964261455,17
Reactome,REACTOME_PHASE_I_FUNCTIONALIZATION_OF_COMPOUNDS,PHASE I FUNCTIONALIZATION OF COMPOUNDS,-1.7719864875047873,0.14757016964261455,27
Reactome,REACTOME_PHASE_II_CONJUGATION_OF_COMPOUNDS,PHASE II CONJUGATION OF COMPOUNDS,-1.6626681253465148,0.1488240919947291,45
Reactome,REACTOME_ECM_PROTEOGLYCANS,ECM PROTEOGLYCANS,-1.640095961084882,0.16090936692960423,44
Reactome,REACTOME_KIDNEY_DEVELOPMENT,KIDNEY DEVELOPMENT,-1.772446394496453,0.16090936692960423,16
Reactome,REACTOME_PEPTIDE_LIGAND_BINDING_RECEPTORS,PEPTIDE LIGAND BINDING RECEPTORS,1.509995630878219,0.16090936692960423,84
Reactome,REACTOME_GLYCOSAMINOGLYCAN_METABOLISM,GLYCOSAMINOGLYCAN METABOLISM,-1.6044045007889438,0.21637618221850524,75
Reactome,REACTOME_TRANSCRIPTIONAL_REGULATION_OF_WHITE_ADIPOCYTE_DIFFERENTIATION,TRANSCRIPTIONAL REGULATION OF WHITE ADIPOCYTE DIFFERENTIATION,1.6931588262757664,0.250244913470462,18
Reactome,REACTOME_GLYCOSAMINOGLYCAN_PROTEIN_LINKAGE_REGION_BIOSYNTHESIS,GLYCOSAMINOGLYCAN PROTEIN LINKAGE REGION BIOSYNTHESIS,-1.7445539869266837,0.25212185630185807,20
Reactome,REACTOME_OPIOID_SIGNALLING,OPIOID SIGNALLING,-1.6745669271000905,0.32416692236825656,25
Reactome,REACTOME_METABOLISM_OF_VITAMINS_AND_COFACTORS,METABOLISM OF VITAMINS AND COFACTORS,-1.457754781473386,0.37138495025077506,86
Reactome,REACTOME_GLUCOSE_METABOLISM,GLUCOSE METABOLISM,-1.5712075806650314,0.3887435744517955,33
Reactome,REACTOME_INITIAL_TRIGGERING_OF_COMPLEMENT,INITIAL TRIGGERING OF COMPLEMENT,1.5767420794324827,0.4236181956145536,19
Reactome,REACTOME_NEURONAL_SYSTEM,NEURONAL SYSTEM,-1.409587780963636,0.4236181956145536,111
Reactome,REACTOME_SIGNALING_BY_RETINOIC_ACID,SIGNALING BY RETINOIC ACID,-1.5910284797556729,0.4236181956145536,15
Reactome,REACTOME_DEVELOPMENTAL_LINEAGE_OF_PANCREATIC_ACINAR_CELLS,DEVELOPMENTAL LINEAGE OF PANCREATIC ACINAR CELLS,-1.581810265690457,0.5071591608509297,17
Reactome,REACTOME_GLUTATHIONE_CONJUGATION,GLUTATHIONE CONJUGATION,-1.5786635081647373,0.5185587693020587,18
Reactome,REACTOME_GLYCOSPHINGOLIPID_METABOLISM,GLYCOSPHINGOLIPID METABOLISM,-1.5354097125045256,0.5185587693020587,26
Reactome,REACTOME_MITOCHONDRIAL_PROTEIN_IMPORT,MITOCHONDRIAL PROTEIN IMPORT,-1.5635125596260688,0.5185587693020587,16
Reactome,REACTOME_DEVELOPMENTAL_CELL_LINEAGES_OF_THE_EXOCRINE_PANCREAS,DEVELOPMENTAL CELL LINEAGES OF THE EXOCRINE PANCREAS,-1.437517392318321,0.6269432171494027,42
Reactome,REACTOME_TP53_REGULATES_METABOLIC_GENES,TP53 REGULATES METABOLIC GENES,-1.4678658756484941,0.6269432171494027,38
Reactome,REACTOME_GLYCOSPHINGOLIPID_CATABOLISM,GLYCOSPHINGOLIPID CATABOLISM,-1.4823569957728493,0.6798521256931608,16
Reactome,REACTOME_KERATINIZATION,KERATINIZATION,-1.4169604759295291,0.6798521256931608,37
Reactome,REACTOME_NERVOUS_SYSTEM_DEVELOPMENT,NERVOUS SYSTEM DEVELOPMENT,-1.3230744439955777,0.6798521256931608,224
Reactome,REACTOME_DOWNSTREAM_SIGNALING_OF_ACTIVATED_FGFR2,DOWNSTREAM SIGNALING OF ACTIVATED FGFR2,1.4212651812027004,0.6842604518292221,26
Reactome,REACTOME_DETOXIFICATION_OF_REACTIVE_OXYGEN_SPECIES,DETOXIFICATION OF REACTIVE OXYGEN SPECIES,1.4251772420526512,0.6886555410420956,24
Reactome,REACTOME_CASPASE_ACTIVATION_VIA_EXTRINSIC_APOPTOTIC_SIGNALLING_PATHWAY,CASPASE ACTIVATION VIA EXTRINSIC APOPTOTIC SIGNALLING PATHWAY,-1.5085776724679982,0.6935542910385677,18
Reactome,REACTOME_DISEASES_OF_CARBOHYDRATE_METABOLISM,DISEASES OF CARBOHYDRATE METABOLISM,-1.4602865714596018,0.6935542910385677,17
Reactome,REACTOME_IMMUNOREGULATORY_INTERACTIONS_BETWEEN_A_LYMPHOID_AND_A_NON_LYMPHOID_CELL,IMMUNOREGULATORY INTERACTIONS BETWEEN A LYMPHOID AND A NON LYMPHOID CELL,1.3295855228206566,0.6935542910385677,100
Reactome,REACTOME_NETRIN_1_SIGNALING,NETRIN 1 SIGNALING,-1.418321297547077,0.6935542910385677,29
Reactome,REACTOME_NON_INTEGRIN_MEMBRANE_ECM_INTERACTIONS,NON INTEGRIN MEMBRANE ECM INTERACTIONS,-1.42179531573309,0.6935542910385677,31
Reactome,REACTOME_PHOSPHOLIPASE_C_MEDIATED_CASCADE_FGFR2,PHOSPHOLIPASE C MEDIATED CASCADE FGFR2,1.4764758726746054,0.6935542910385677,18
Reactome,REACTOME_ADIPOGENESIS,ADIPOGENESIS,1.406704698263677,0.6961041229909154,24
Reactome,REACTOME_DRUG_ADME,DRUG ADME,-1.4098966343214123,0.7144522144522144,41
Reactome,REACTOME_FGFR2_LIGAND_BINDING_AND_ACTIVATION,FGFR2 LIGAND BINDING AND ACTIVATION,1.4313026543489262,0.7144522144522144,19
Reactome,REACTOME_INTRINSIC_PATHWAY_FOR_APOPTOSIS,INTRINSIC PATHWAY FOR APOPTOSIS,-1.422470965799299,0.7144522144522144,32
Reactome,REACTOME_COMMON_PATHWAY_OF_FIBRIN_CLOT_FORMATION,COMMON PATHWAY OF FIBRIN CLOT FORMATION,1.4586935397576763,0.7484460559419861,17
Reactome,REACTOME_DEFECTIVE_B4GALT7_CAUSES_EDS_PROGEROID_TYPE,DEFECTIVE B4GALT7 CAUSES EDS PROGEROID TYPE,-1.4150008864797707,0.7553912507701785,16
Reactome,REACTOME_FORMATION_OF_THE_CORNIFIED_ENVELOPE,FORMATION OF THE CORNIFIED ENVELOPE,-1.3753175719142432,0.7553912507701785,36
Reactome,REACTOME_GPCR_LIGAND_BINDING,GPCR LIGAND BINDING,1.2514509875323183,0.7553912507701785,133
Reactome,REACTOME_PI_3K_CASCADE_FGFR2,PI 3K CASCADE FGFR2,1.3947589433244916,0.7553912507701785,21
Reactome,REACTOME_SPHINGOLIPID_METABOLISM,SPHINGOLIPID METABOLISM,-1.365738340906216,0.7553912507701785,37
Reactome,REACTOME_G_PROTEIN_MEDIATED_EVENTS,G PROTEIN MEDIATED EVENTS,-1.3970916322924423,0.7683943563432836,17
Reactome,REACTOME_TRANSMISSION_ACROSS_CHEMICAL_SYNAPSES,TRANSMISSION ACROSS CHEMICAL SYNAPSES,-1.3108563736091612,0.7808917197452229,71
Reactome,REACTOME_SIGNALING_BY_INTERLEUKINS,SIGNALING BY INTERLEUKINS,1.186546073256001,0.7844336741628583,296
Reactome,REACTOME_UPTAKE_AND_ACTIONS_OF_BACTERIAL_TOXINS,UPTAKE AND ACTIONS OF BACTERIAL TOXINS,-1.3888744151172308,0.8005597014925373,21
Reactome,REACTOME_SIGNALING_BY_NOTCH1_PEST_DOMAIN_MUTANTS_IN_CANCER,SIGNALING BY NOTCH1 PEST DOMAIN MUTANTS IN CANCER,-1.3804412237207644,0.8195187165775402,19
Reactome,REACTOME_RSV_HOST_INTERACTIONS,RSV HOST INTERACTIONS,-1.3508256028291648,0.8295809650353092,40
Reactome,REACTOME_ACTIVATION_OF_BH3_ONLY_PROTEINS,ACTIVATION OF BH3 ONLY PROTEINS,-1.3637100172928576,0.8518784742188997,20
Reactome,REACTOME_AUTOPHAGY,AUTOPHAGY,1.287881671243243,0.8518784742188997,46
Reactome,REACTOME_COLLAGEN_DEGRADATION,COLLAGEN DEGRADATION,1.2924295136763884,0.8518784742188997,38
Reactome,REACTOME_EPHA_MEDIATED_GROWTH_CONE_COLLAPSE,EPHA MEDIATED GROWTH CONE COLLAPSE,-1.3614105479838536,0.8518784742188997,18
Reactome,REACTOME_RETROGRADE_TRANSPORT_AT_THE_TRANS_GOLGI_NETWORK,RETROGRADE TRANSPORT AT THE TRANS GOLGI NETWORK,-1.3588790225626,0.8518784742188997,16
Reactome,REACTOME_DEVELOPMENTAL_CELL_LINEAGES,DEVELOPMENTAL CELL LINEAGES,-1.2727033204219826,0.8870284237726098,78
Reactome,REACTOME_ANTIGEN_ACTIVATES_B_CELL_RECEPTOR_BCR_LEADING_TO_GENERATION_OF_SECOND_MESSENGERS,ANTIGEN ACTIVATES B CELL RECEPTOR BCR LEADING TO GENERATION OF SECOND MESSENGERS,-1.3334049254445566,0.9340895897832818,18
Reactome,REACTOME_L1CAM_INTERACTIONS,L1CAM INTERACTIONS,-1.299565913778735,0.9404887957300603,46
Reactome,REACTOME_INTERLEUKIN_20_FAMILY_SIGNALING,INTERLEUKIN 20 FAMILY SIGNALING,-1.3307400796808242,0.9432412031122982,21
Reactome,REACTOME_SIGNALING_BY_FGFR2_IN_DISEASE,SIGNALING BY FGFR2 IN DISEASE,1.3139179305569741,0.9432412031122982,26
Reactome,REACTOME_SARS_COV_2_INFECTION,SARS COV 2 INFECTION,-1.2260631015408718,0.9607778637770897,111
Reactome,REACTOME_DOWNSTREAM_SIGNALING_OF_ACTIVATED_FGFR1,DOWNSTREAM SIGNALING OF ACTIVATED FGFR1,1.3170739693391862,0.969450337512054,27
Reactome,REACTOME_EPIGENETIC_REGULATION_OF_GENE_EXPRESSION_BY_MLL3_AND_MLL4_COMPLEXES,EPIGENETIC REGULATION OF GENE EXPRESSION BY MLL3 AND MLL4 COMPLEXES,1.317919755682576,0.969450337512054,20
Reactome,REACTOME_MATURATION_OF_SARS_COV_2_SPIKE_PROTEIN,MATURATION OF SARS COV 2 SPIKE PROTEIN,-1.3068773152555782,0.969450337512054,17
Reactome,REACTOME_PROTEIN_LOCALIZATION,PROTEIN LOCALIZATION,-1.2538060695240834,0.969450337512054,54
Reactome,REACTOME_SCF_SKP2_MEDIATED_DEGRADATION_OF_P27_P21,SCF SKP2 MEDIATED DEGRADATION OF P27 P21,1.3064337318118633,0.969450337512054,27
Reactome,REACTOME_SENSORY_PROCESSING_OF_SOUND,SENSORY PROCESSING OF SOUND,-1.313044010141883,0.9696049931600547,18
Reactome,REACTOME_ASPARAGINE_N_LINKED_GLYCOSYLATION,ASPARAGINE N LINKED GLYCOSYLATION,-1.200828918609705,0.9740466101694917,108
Reactome,REACTOME_CHONDROITIN_SULFATE_DERMATAN_SULFATE_METABOLISM,CHONDROITIN SULFATE DERMATAN SULFATE METABOLISM,-1.2854019280333104,0.9740466101694917,21
Reactome,REACTOME_CHROMATIN_ORGANIZATION,CHROMATIN ORGANIZATION,-1.260584525573062,0.9740466101694917,36
Reactome,REACTOME_FRS_MEDIATED_FGFR2_SIGNALING,FRS MEDIATED FGFR2 SIGNALING,1.2841443611032353,0.9740466101694917,23
Reactome,REACTOME_HIGH_LAMINAR_FLOW_SHEAR_STRESS_ACTIVATES_SIGNALING_BY_PIEZO1_AND_PECAM1_CDH5_KDR_IN_ENDOTHELIAL_CELLS,HIGH LAMINAR FLOW SHEAR STRESS ACTIVATES SIGNALING BY PIEZO1 AND PECAM1 CDH5 KDR IN ENDOTHELIAL CELLS,-1.2869723793081391,0.9740466101694917,20
Reactome,REACTOME_MHC_CLASS_II_ANTIGEN_PRESENTATION,MHC CLASS II ANTIGEN PRESENTATION,-1.2680904091650758,0.9740466101694917,35
Reactome,REACTOME_PHOSPHOLIPASE_C_MEDIATED_CASCADE_FGFR1,PHOSPHOLIPASE C MEDIATED CASCADE FGFR1,1.2980776393281308,0.9740466101694917,16
Reactome,REACTOME_PLATELET_HOMEOSTASIS,PLATELET HOMEOSTASIS,-1.3102736104891703,0.9740466101694917,24
Reactome,REACTOME_PROTEIN_PROTEIN_INTERACTIONS_AT_SYNAPSES,PROTEIN PROTEIN INTERACTIONS AT SYNAPSES,-1.2511978281536331,0.9740466101694917,43
Reactome,REACTOME_RHOU_GTPASE_CYCLE,RHOU GTPASE CYCLE,-1.2876882310010607,0.9740466101694917,16
Reactome,REACTOME_ACTIVATION_OF_MATRIX_METALLOPROTEINASES,ACTIVATION OF MATRIX METALLOPROTEINASES,1.2399734642195377,0.9751484728506787,28
Reactome,REACTOME_BIOSYNTHESIS_OF_THE_N_GLYCAN_PRECURSOR_DOLICHOL_LIPID_LINKED_OLIGOSACCHARIDE_LLO_AND_TRANSFER_TO_A_NASCENT_PROTEIN,BIOSYNTHESIS OF THE N GLYCAN PRECURSOR DOLICHOL LIPID LINKED OLIGOSACCHARIDE LLO AND TRANSFER TO A NASCENT PROTEIN,-1.2736799714772504,0.9751484728506787,28
Reactome,REACTOME_CLASS_B_2_SECRETIN_FAMILY_RECEPTORS,CLASS B 2 SECRETIN FAMILY RECEPTORS,-1.2658528220615597,0.9751484728506787,34
Reactome,REACTOME_DOWNSTREAM_SIGNALING_OF_ACTIVATED_FGFR3,DOWNSTREAM SIGNALING OF ACTIVATED FGFR3,1.2996904385692292,0.9751484728506787,21
Reactome,REACTOME_FGFR1_LIGAND_BINDING_AND_ACTIVATION,FGFR1 LIGAND BINDING AND ACTIVATION,1.2906380995956626,0.9751484728506787,17
Reactome,REACTOME_PEROXISOMAL_PROTEIN_IMPORT,PEROXISOMAL PROTEIN IMPORT,-1.2810227778528582,0.9751484728506787,25
Reactome,REACTOME_RESPIRATORY_SYNCYTIAL_VIRUS_RSV_ATTACHMENT_AND_ENTRY,RESPIRATORY SYNCYTIAL VIRUS RSV ATTACHMENT AND ENTRY,-1.2764281118685976,0.9751484728506787,18
Reactome,REACTOME_SYNTHESIS_OF_SUBSTRATES_IN_N_GLYCAN_BIOSYTHESIS,SYNTHESIS OF SUBSTRATES IN N GLYCAN BIOSYTHESIS,-1.2736799714772504,0.9751484728506787,28
Reactome,REACTOME_ABC_FAMILY_PROTEINS_MEDIATED_TRANSPORT,ABC FAMILY PROTEINS MEDIATED TRANSPORT,0.842845958565949,1,26
Reactome,REACTOME_ABC_TRANSPORTER_DISORDERS,ABC TRANSPORTER DISORDERS,0.8687354518146226,1,25
Reactome,REACTOME_ACTIVATION_OF_APC_C_AND_APC_C_CDC20_MEDIATED_DEGRADATION_OF_MITOTIC_PROTEINS,ACTIVATION OF APC C AND APC C CDC20 MEDIATED DEGRADATION OF MITOTIC PROTEINS,0.8477020897154827,1,31
Reactome,REACTOME_ACTIVATION_OF_NF_KAPPAB_IN_B_CELLS,ACTIVATION OF NF KAPPAB IN B CELLS,0.6809537979711828,1,26
Reactome,REACTOME_ACTIVATION_OF_NMDA_RECEPTORS_AND_POSTSYNAPTIC_EVENTS,ACTIVATION OF NMDA RECEPTORS AND POSTSYNAPTIC EVENTS,-0.5413885559351317,1,35
Reactome,REACTOME_ACTIVATION_OF_THE_MRNA_UPON_BINDING_OF_THE_CAP_BINDING_COMPLEX_AND_EIFS_AND_SUBSEQUENT_BINDING_TO_43S,ACTIVATION OF THE MRNA UPON BINDING OF THE CAP BINDING COMPLEX AND EIFS AND SUBSEQUENT BINDING TO 43S,0.6288688088433569,1,19
Reactome,REACTOME_ADAPTIVE_IMMUNE_SYSTEM,ADAPTIVE IMMUNE SYSTEM,0.8493090796979305,1,347
Reactome,REACTOME_ADHERENS_JUNCTIONS_INTERACTIONS,ADHERENS JUNCTIONS INTERACTIONS,-0.7833811463217464,1,72
Reactome,REACTOME_AEROBIC_RESPIRATION_AND_RESPIRATORY_ELECTRON_TRANSPORT,AEROBIC RESPIRATION AND RESPIRATORY ELECTRON TRANSPORT,-1.1776366878204831,1,55
Reactome,REACTOME_AMPK_INDUCED_ERAD_AND_LYSOSOME_MEDIATED_DEGRADATION_OF_PD_L1_CD274,AMPK INDUCED ERAD AND LYSOSOME MEDIATED DEGRADATION OF PD L1 CD274,0.8147927618193876,1,23
Reactome,REACTOME_AMYLOID_FIBER_FORMATION,AMYLOID FIBER FORMATION,-1.0723031138686585,1,30
Reactome,REACTOME_ANTIGEN_PROCESSING_CROSS_PRESENTATION,ANTIGEN PROCESSING CROSS PRESENTATION,1.0656158794465318,1,53
Reactome,REACTOME_ANTIGEN_PROCESSING_UBIQUITINATION_PROTEASOME_DEGRADATION,ANTIGEN PROCESSING UBIQUITINATION PROTEASOME DEGRADATION,0.9000659896847706,1,71
Reactome,REACTOME_ANTIGEN_PROCESSING_UB_ATP_INDEPENDENT_PROTEASOMAL_DEGRADATION,ANTIGEN PROCESSING UB ATP INDEPENDENT PROTEASOMAL DEGRADATION,0.45341992386260144,1,16
Reactome,REACTOME_ANTIMICROBIAL_MECHANISM_OF_IFN_STIMULATED_GENES,ANTIMICROBIAL MECHANISM OF IFN STIMULATED GENES,-0.8174440557124905,1,59
Reactome,REACTOME_ANTI_INFLAMMATORY_RESPONSE_FAVOURING_LEISHMANIA_PARASITE_INFECTION,ANTI INFLAMMATORY RESPONSE FAVOURING LEISHMANIA PARASITE INFECTION,-0.7704125153385263,1,33
Reactome,REACTOME_APC_C_CDH1_MEDIATED_DEGRADATION_OF_CDC20_AND_OTHER_APC_C_CDH1_TARGETED_PROTEINS_IN_LATE_MITOSIS_EARLY_G1,APC C CDH1 MEDIATED DEGRADATION OF CDC20 AND OTHER APC C CDH1 TARGETED PROTEINS IN LATE MITOSIS EARLY G1,0.7964464361570828,1,30
Reactome,REACTOME_APC_C_MEDIATED_DEGRADATION_OF_CELL_CYCLE_PROTEINS,APC C MEDIATED DEGRADATION OF CELL CYCLE PROTEINS,0.9793519800403943,1,36
Reactome,REACTOME_APOPTOSIS,APOPTOSIS,-1.013251118318,1,89
Reactome,REACTOME_APOPTOTIC_CLEAVAGE_OF_CELLULAR_PROTEINS,APOPTOTIC CLEAVAGE OF CELLULAR PROTEINS,0.5590689853867604,1,20
Reactome,REACTOME_APOPTOTIC_EXECUTION_PHASE,APOPTOTIC EXECUTION PHASE,0.7360986513389878,1,24
Reactome,REACTOME_ARACHIDONATE_METABOLISM,ARACHIDONATE METABOLISM,0.80093130811739,1,20
Reactome,REACTOME_ASSEMBLY_OF_COLLAGEN_FIBRILS_AND_OTHER_MULTIMERIC_STRUCTURES,ASSEMBLY OF COLLAGEN FIBRILS AND OTHER MULTIMERIC STRUCTURES,-1.1270124370428587,1,28
Reactome,REACTOME_ASYMMETRIC_LOCALIZATION_OF_PCP_PROTEINS,ASYMMETRIC LOCALIZATION OF PCP PROTEINS,-0.6605422629972233,1,23
Reactome,REACTOME_ATTENUATION_PHASE,ATTENUATION PHASE,1.0353743362056187,1,18
Reactome,REACTOME_AUF1_HNRNP_D0_BINDS_AND_DESTABILIZES_MRNA,AUF1 HNRNP D0 BINDS AND DESTABILIZES MRNA,0.9140869966461406,1,23
Reactome,REACTOME_BACTERIAL_INFECTION_PATHWAYS,BACTERIAL INFECTION PATHWAYS,-1.069049564725238,1,55
Reactome,REACTOME_BASE_EXCISION_REPAIR,BASE EXCISION REPAIR,-1.1432685677117829,1,15
Reactome,REACTOME_BETA_CATENIN_INDEPENDENT_WNT_SIGNALING,BETA CATENIN INDEPENDENT WNT SIGNALING,-0.9735062238192345,1,50
Reactome,REACTOME_BETA_DEFENSINS,BETA DEFENSINS,0.9461108520806001,1,23
Reactome,REACTOME_BINDING_AND_UPTAKE_OF_LIGANDS_BY_SCAVENGER_RECEPTORS,BINDING AND UPTAKE OF LIGANDS BY SCAVENGER RECEPTORS,-1.0339837928799973,1,34
Reactome,REACTOME_CA2_PATHWAY,CA2 PATHWAY,-1.2392456721587652,1,16
Reactome,REACTOME_CARDIAC_CONDUCTION,CARDIAC CONDUCTION,-0.9010836575748139,1,29
Reactome,REACTOME_CARGO_RECOGNITION_FOR_CLATHRIN_MEDIATED_ENDOCYTOSIS,CARGO RECOGNITION FOR CLATHRIN MEDIATED ENDOCYTOSIS,-0.7849254096642435,1,47
Reactome,REACTOME_CDC42_GTPASE_CYCLE,CDC42 GTPASE CYCLE,0.7847145269815222,1,31
Reactome,REACTOME_CDK_MEDIATED_PHOSPHORYLATION_AND_REMOVAL_OF_CDC6,CDK MEDIATED PHOSPHORYLATION AND REMOVAL OF CDC6,0.8492979467084664,1,27
Reactome,REACTOME_CELLULAR_RESPONSES_TO_MECHANICAL_STIMULI,CELLULAR RESPONSES TO MECHANICAL STIMULI,-1.1046680520413172,1,34
Reactome,REACTOME_CELLULAR_RESPONSES_TO_STIMULI,CELLULAR RESPONSES TO STIMULI,-0.6646639805994615,1,301
Reactome,REACTOME_CELLULAR_RESPONSE_TO_CHEMICAL_STRESS,CELLULAR RESPONSE TO CHEMICAL STRESS,0.866948744260899,1,101
Reactome,REACTOME_CELLULAR_RESPONSE_TO_HEAT_STRESS,CELLULAR RESPONSE TO HEAT STRESS,0.7196296731510988,1,37
Reactome,REACTOME_CELLULAR_RESPONSE_TO_HYPOXIA,CELLULAR RESPONSE TO HYPOXIA,0.9541560661502366,1,30
Reactome,REACTOME_CELLULAR_RESPONSE_TO_STARVATION,CELLULAR RESPONSE TO STARVATION,-0.6547396354489172,1,20
Reactome,REACTOME_CELLULAR_SENESCENCE,CELLULAR SENESCENCE,-0.48725466275793716,1,59
Reactome,REACTOME_CELL_CELL_COMMUNICATION,CELL CELL COMMUNICATION,-0.8927689253014455,1,99
Reactome,REACTOME_CELL_CYCLE,CELL CYCLE,-0.498175116573792,1,161
Reactome,REACTOME_CELL_CYCLE_CHECKPOINTS,CELL CYCLE CHECKPOINTS,0.6181501201848864,1,77
Reactome,REACTOME_CELL_CYCLE_MITOTIC,CELL CYCLE MITOTIC,-0.541548079708241,1,131
Reactome,REACTOME_CELL_DEATH_SIGNALLING_VIA_NRAGE_NRIF_AND_NADE,CELL DEATH SIGNALLING VIA NRAGE NRIF AND NADE,-0.7794175512047758,1,25
Reactome,REACTOME_CELL_JUNCTION_ORGANIZATION,CELL JUNCTION ORGANIZATION,-0.8957649833997587,1,80
Reactome,REACTOME_CELL_SURFACE_INTERACTIONS_AT_THE_VASCULAR_WALL,CELL SURFACE INTERACTIONS AT THE VASCULAR WALL,0.9600867328213518,1,88
Reactome,REACTOME_CHROMOSOME_MAINTENANCE,CHROMOSOME MAINTENANCE,-0.6693834135517892,1,15
Reactome,REACTOME_CILIUM_ASSEMBLY,CILIUM ASSEMBLY,-0.486191629806589,1,28
Reactome,REACTOME_CIRCADIAN_CLOCK,CIRCADIAN CLOCK,1.1175849487574976,1,39
Reactome,REACTOME_CLASS_I_MHC_MEDIATED_ANTIGEN_PROCESSING_PRESENTATION,CLASS I MHC MEDIATED ANTIGEN PROCESSING PRESENTATION,1.0634833667125265,1,111
Reactome,REACTOME_CLATHRIN_MEDIATED_ENDOCYTOSIS,CLATHRIN MEDIATED ENDOCYTOSIS,-0.8272266064987289,1,62
Reactome,REACTOME_CLEC7A_DECTIN_1_SIGNALING,CLEC7A DECTIN 1 SIGNALING,0.6041910851960445,1,44
Reactome,REACTOME_COLLAGEN_BIOSYNTHESIS_AND_MODIFYING_ENZYMES,COLLAGEN BIOSYNTHESIS AND MODIFYING ENZYMES,1.0624415067967072,1,32
Reactome,REACTOME_COLLAGEN_CHAIN_TRIMERIZATION,COLLAGEN CHAIN TRIMERIZATION,-0.9233806971172652,1,18
Reactome,REACTOME_COLLAGEN_FORMATION,COLLAGEN FORMATION,1.0144551289356813,1,44
Reactome,REACTOME_CONSTITUTIVE_SIGNALING_BY_ABERRANT_PI3K_IN_CANCER,CONSTITUTIVE SIGNALING BY ABERRANT PI3K IN CANCER,-0.9963617252475332,1,66
Reactome,REACTOME_CONSTITUTIVE_SIGNALING_BY_LIGAND_RESPONSIVE_EGFR_CANCER_VARIANTS,CONSTITUTIVE SIGNALING BY LIGAND RESPONSIVE EGFR CANCER VARIANTS,0.8879233187577272,1,15
Reactome,REACTOME_COPII_MEDIATED_VESICLE_TRANSPORT,COPII MEDIATED VESICLE TRANSPORT,-0.9651183808210702,1,27
Reactome,REACTOME_COPI_DEPENDENT_GOLGI_TO_ER_RETROGRADE_TRAFFIC,COPI DEPENDENT GOLGI TO ER RETROGRADE TRAFFIC,0.9892671350476612,1,23
Reactome,REACTOME_COPI_MEDIATED_ANTEROGRADE_TRANSPORT,COPI MEDIATED ANTEROGRADE TRANSPORT,-0.790316120406695,1,31
Reactome,REACTOME_CO_INHIBITION_BY_PD_1,CO INHIBITION BY PD 1,0.7448733435730858,1,67
Reactome,REACTOME_CO_STIMULATION_BY_CD28,CO STIMULATION BY CD28,-0.9332900115933512,1,22
Reactome,REACTOME_CREB1_PHOSPHORYLATION_THROUGH_NMDA_RECEPTOR_MEDIATED_ACTIVATION_OF_RAS_SIGNALING,CREB1 PHOSPHORYLATION THROUGH NMDA RECEPTOR MEDIATED ACTIVATION OF RAS SIGNALING,0.6070846171258525,1,16
Reactome,REACTOME_CROSS_PRESENTATION_OF_SOLUBLE_EXOGENOUS_ANTIGENS_ENDOSOMES,CROSS PRESENTATION OF SOLUBLE EXOGENOUS ANTIGENS ENDOSOMES,-0.7242152494336983,1,23
Reactome,REACTOME_CYCLIN_A_CDK2_ASSOCIATED_EVENTS_AT_S_PHASE_ENTRY,CYCLIN A CDK2 ASSOCIATED EVENTS AT S PHASE ENTRY,0.9892742977742445,1,38
Reactome,REACTOME_CYCLIN_D_ASSOCIATED_EVENTS_IN_G1,CYCLIN D ASSOCIATED EVENTS IN G1,0.9573047591784775,1,21
Reactome,REACTOME_CYTOKINE_SIGNALING_IN_IMMUNE_SYSTEM,CYTOKINE SIGNALING IN IMMUNE SYSTEM,0.9622504188272931,1,438
Reactome,REACTOME_CYTOPROTECTION_BY_HMOX1,CYTOPROTECTION BY HMOX1,-0.7185324086141374,1,23
Reactome,REACTOME_CYTOSOLIC_SENSORS_OF_PATHOGEN_ASSOCIATED_DNA,CYTOSOLIC SENSORS OF PATHOGEN ASSOCIATED DNA,0.9730619285538287,1,20
Reactome,REACTOME_C_TYPE_LECTIN_RECEPTORS_CLRS,C TYPE LECTIN RECEPTORS CLRS,1.0281867508595777,1,63
Reactome,REACTOME_DAP12_INTERACTIONS,DAP12 INTERACTIONS,1.1858503542909484,1,29
Reactome,REACTOME_DAP12_SIGNALING,DAP12 SIGNALING,1.1685390692211415,1,19
Reactome,REACTOME_DDX58_IFIH1_MEDIATED_INDUCTION_OF_INTERFERON_ALPHA_BETA,DDX58 IFIH1 MEDIATED INDUCTION OF INTERFERON ALPHA BETA,-0.7601591461075342,1,46
Reactome,REACTOME_DEADENYLATION_DEPENDENT_MRNA_DECAY,DEADENYLATION DEPENDENT MRNA DECAY,-0.6385598972029255,1,16
Reactome,REACTOME_DEATH_RECEPTOR_SIGNALING,DEATH RECEPTOR SIGNALING,-1.0085008045229984,1,64
Reactome,REACTOME_DECTIN_1_MEDIATED_NONCANONICAL_NF_KB_SIGNALING,DECTIN 1 MEDIATED NONCANONICAL NF KB SIGNALING,1.031765886542993,1,25
Reactome,REACTOME_DEFECTIVE_INTRINSIC_PATHWAY_FOR_APOPTOSIS,DEFECTIVE INTRINSIC PATHWAY FOR APOPTOSIS,-1.1699356625541857,1,16
Reactome,REACTOME_DEFENSINS,DEFENSINS,1.0638434858276749,1,28
Reactome,REACTOME_DEGRADATION_OF_AXIN,DEGRADATION OF AXIN,0.8667353930103038,1,23
Reactome,REACTOME_DEGRADATION_OF_BETA_CATENIN_BY_THE_DESTRUCTION_COMPLEX,DEGRADATION OF BETA CATENIN BY THE DESTRUCTION COMPLEX,0.9426726476943112,1,27
Reactome,REACTOME_DEGRADATION_OF_CRY_AND_PER_PROTEINS,DEGRADATION OF CRY AND PER PROTEINS,0.8529968481280372,1,22
Reactome,REACTOME_DEGRADATION_OF_DVL,DEGRADATION OF DVL,1.1157755158132756,1,23
Reactome,REACTOME_DEGRADATION_OF_GLI1_BY_THE_PROTEASOME,DEGRADATION OF GLI1 BY THE PROTEASOME,0.9135922644858179,1,24
Reactome,REACTOME_DEGRADATION_OF_THE_EXTRACELLULAR_MATRIX,DEGRADATION OF THE EXTRACELLULAR MATRIX,1.0897559163482204,1,81
Reactome,REACTOME_DENGUE_VIRUS_ATTACHMENT_AND_ENTRY,DENGUE VIRUS ATTACHMENT AND ENTRY,-1.1142317914340611,1,27
Reactome,REACTOME_DENGUE_VIRUS_GENOME_TRANSLATION_AND_REPLICATION,DENGUE VIRUS GENOME TRANSLATION AND REPLICATION,-0.6041711136521376,1,42
Reactome,REACTOME_DENGUE_VIRUS_HOST_INTERACTIONS,DENGUE VIRUS HOST INTERACTIONS,0.7406808328812337,1,75
Reactome,REACTOME_DENGUE_VIRUS_INFECTION,DENGUE VIRUS INFECTION,-0.698415940143362,1,130
Reactome,REACTOME_DEUBIQUITINATION,DEUBIQUITINATION,0.6894277541680336,1,79
Reactome,REACTOME_DEVELOPMENTAL_CELL_LINEAGES_OF_THE_INTEGUMENTARY_SYSTEM,DEVELOPMENTAL CELL LINEAGES OF THE INTEGUMENTARY SYSTEM,0.9056239731143264,1,39
Reactome,REACTOME_DEVELOPMENTAL_LINEAGES_OF_THE_MAMMARY_GLAND,DEVELOPMENTAL LINEAGES OF THE MAMMARY GLAND,0.675279799171654,1,23
Reactome,REACTOME_DEVELOPMENTAL_LINEAGE_OF_MAMMARY_GLAND_LUMINAL_EPITHELIAL_CELLS,DEVELOPMENTAL LINEAGE OF MAMMARY GLAND LUMINAL EPITHELIAL CELLS,-1.0776237550188958,1,16
Reactome,REACTOME_DEVELOPMENTAL_LINEAGE_OF_PANCREATIC_DUCTAL_CELLS,DEVELOPMENTAL LINEAGE OF PANCREATIC DUCTAL CELLS,-1.072411324426725,1,18
Reactome,REACTOME_DIFFERENTIATION_OF_KERATINOCYTES_IN_INTERFOLLICULAR_EPIDERMIS_IN_MAMMALIAN_SKIN,DIFFERENTIATION OF KERATINOCYTES IN INTERFOLLICULAR EPIDERMIS IN MAMMALIAN SKIN,-0.8907657535617689,1,20
Reactome,REACTOME_DISEASES_ASSOCIATED_WITH_O_GLYCOSYLATION_OF_PROTEINS,DISEASES ASSOCIATED WITH O GLYCOSYLATION OF PROTEINS,-0.8635768635759529,1,27
Reactome,REACTOME_DISEASES_OF_IMMUNE_SYSTEM,DISEASES OF IMMUNE SYSTEM,1.01322509612135,1,17
Reactome,REACTOME_DISEASES_OF_PROGRAMMED_CELL_DEATH,DISEASES OF PROGRAMMED CELL DEATH,-1.112939010866363,1,21
Reactome,REACTOME_DISEASES_OF_SIGNAL_TRANSDUCTION_BY_GROWTH_FACTOR_RECEPTORS_AND_SECOND_MESSENGERS,DISEASES OF SIGNAL TRANSDUCTION BY GROWTH FACTOR RECEPTORS AND SECOND MESSENGERS,-0.7449750366700912,1,215
Reactome,REACTOME_DISORDERS_OF_TRANSMEMBRANE_TRANSPORTERS,DISORDERS OF TRANSMEMBRANE TRANSPORTERS,0.6072553592679594,1,36
Reactome,REACTOME_DNA_DAMAGE_BYPASS,DNA DAMAGE BYPASS,-1.183220383348167,1,15
Reactome,REACTOME_DNA_DOUBLE_STRAND_BREAK_REPAIR,DNA DOUBLE STRAND BREAK REPAIR,-0.7011298914504009,1,41
Reactome,REACTOME_DNA_DOUBLE_STRAND_BREAK_RESPONSE,DNA DOUBLE STRAND BREAK RESPONSE,0.5730852516709625,1,15
Reactome,REACTOME_DNA_REPAIR,DNA REPAIR,-0.893691483886938,1,77
Reactome,REACTOME_DNA_REPLICATION,DNA REPLICATION,-0.5800542310973982,1,42
Reactome,REACTOME_DNA_REPLICATION_PRE_INITIATION,DNA REPLICATION PRE INITIATION,-0.70457773892116915,1,34
Reactome,REACTOME_DOWNREGULATION_OF_ERBB2_SIGNALING,DOWNREGULATION OF ERBB2 SIGNALING,-1.0831146670542533,1,24
Reactome,REACTOME_DOWNREGULATION_OF_SMAD2_3_SMAD4_TRANSCRIPTIONAL_ACTIVITY,DOWNREGULATION OF SMAD2 3 SMAD4 TRANSCRIPTIONAL ACTIVITY,-1.0445354484860725,1,18
Reactome,REACTOME_DOWNREGULATION_OF_TGF_BETA_RECEPTOR_SIGNALING,DOWNREGULATION OF TGF BETA RECEPTOR SIGNALING,-0.7243418536498103,1,15
Reactome,REACTOME_DOWNSTREAM_SIGNALING_EVENTS_OF_B_CELL_RECEPTOR_BCR,DOWNSTREAM SIGNALING EVENTS OF B CELL RECEPTOR BCR,0.6070622785783734,1,31
Reactome,REACTOME_DOWNSTREAM_SIGNALING_OF_ACTIVATED_FGFR4,DOWNSTREAM SIGNALING OF ACTIVATED FGFR4,1.142967531931824,1,23
Reactome,REACTOME_DOWNSTREAM_SIGNAL_TRANSDUCTION,DOWNSTREAM SIGNAL TRANSDUCTION,-0.614798728859907,1,22
Reactome,REACTOME_DOWNSTREAM_TCR_SIGNALING,DOWNSTREAM TCR SIGNALING,0.6851778723527953,1,42
Reactome,REACTOME_DUAL_INCISION_IN_TC_NER,DUAL INCISION IN TC NER,-1.1527114378659569,1,16
Reactome,REACTOME_E3_UBIQUITIN_LIGASES_UBIQUITINATE_TARGET_PROTEINS,E3 UBIQUITIN LIGASES UBIQUITINATE TARGET PROTEINS,-0.6401664322767152,1,18
Reactome,REACTOME_EARLY_SARS_COV_2_INFECTION_EVENTS,EARLY SARS COV 2 INFECTION EVENTS,-1.2121817165390363,1,20
Reactome,REACTOME_EGFR_DOWNREGULATION,EGFR DOWNREGULATION,-0.4280764055011975,1,17
Reactome,REACTOME_ELASTIC_FIBRE_FORMATION,ELASTIC FIBRE FORMATION,-1.0612724062176428,1,24
Reactome,REACTOME_EPHB_MEDIATED_FORWARD_SIGNALING,EPHB MEDIATED FORWARD SIGNALING,-1.1327566108920004,1,25
Reactome,REACTOME_EPHRIN_SIGNALING,EPHRIN SIGNALING,-0.9880921880471119,1,16
Reactome,REACTOME_EPH_EPHRIN_MEDIATED_REPULSION_OF_CELLS,EPH EPHRIN MEDIATED REPULSION OF CELLS,-1.1964065870768457,1,32
Reactome,REACTOME_EPH_EPHRIN_SIGNALING,EPH EPHRIN SIGNALING,-1.1365875111698158,1,49
Reactome,REACTOME_EPIGENETIC_REGULATION_BY_WDR5_CONTAINING_HISTONE_MODIFYING_COMPLEXES,EPIGENETIC REGULATION BY WDR5 CONTAINING HISTONE MODIFYING COMPLEXES,1.2384178596295778,1,23
Reactome,REACTOME_EPIGENETIC_REGULATION_OF_GENE_EXPRESSION,EPIGENETIC REGULATION OF GENE EXPRESSION,1.0893596868253617,1,43
Reactome,REACTOME_ER_TO_GOLGI_ANTEROGRADE_TRANSPORT,ER TO GOLGI ANTEROGRADE TRANSPORT,-0.9580019939138841,1,46
Reactome,REACTOME_ESR_MEDIATED_SIGNALING,ESR MEDIATED SIGNALING,0.9403069965280094,1,67
Reactome,REACTOME_ESTROGEN_DEPENDENT_GENE_EXPRESSION,ESTROGEN DEPENDENT GENE EXPRESSION,1.1393863163618632,1,32
Reactome,REACTOME_ESTROGEN_DEPENDENT_NUCLEAR_EVENTS_DOWNSTREAM_OF_ESR_MEMBRANE_SIGNALING,ESTROGEN DEPENDENT NUCLEAR EVENTS DOWNSTREAM OF ESR MEMBRANE SIGNALING,-0.532479527371703,1,16
Reactome,REACTOME_EUKARYOTIC_TRANSLATION_INITIATION,EUKARYOTIC TRANSLATION INITIATION,0.5116461216746867,1,24
Reactome,REACTOME_EVASION_BY_RSV_OF_HOST_INTERFERON_RESPONSES,EVASION BY RSV OF HOST INTERFERON RESPONSES,-0.6779249270877715,1,19
Reactome,REACTOME_EXTRACELLULAR_MATRIX_ORGANIZATION,EXTRACELLULAR MATRIX ORGANIZATION,-1.1233738644756373,1,180
Reactome,REACTOME_EXTRA_NUCLEAR_ESTROGEN_SIGNALING,EXTRA NUCLEAR ESTROGEN SIGNALING,0.7109626540994424,1,36
Reactome,REACTOME_FACTORS_INVOLVED_IN_MEGAKARYOCYTE_DEVELOPMENT_AND_PLATELET_PRODUCTION,FACTORS INVOLVED IN MEGAKARYOCYTE DEVELOPMENT AND PLATELET PRODUCTION,0.6644533816116304,1,41
Reactome,REACTOME_FATTY_ACID_METABOLISM,FATTY ACID METABOLISM,-1.17883889953023,1,47
Reactome,REACTOME_FBXL7_DOWN_REGULATES_AURKA_DURING_MITOTIC_ENTRY_AND_IN_EARLY_MITOSIS,FBXL7 DOWN REGULATES AURKA DURING MITOTIC ENTRY AND IN EARLY MITOSIS,0.9296958621776613,1,22
Reactome,REACTOME_FCERI_MEDIATED_CA_2_MOBILIZATION,FCERI MEDIATED CA 2 MOBILIZATION,-0.8923826809182309,1,17
Reactome,REACTOME_FCERI_MEDIATED_MAPK_ACTIVATION,FCERI MEDIATED MAPK ACTIVATION,0.6836355493056733,1,22
Reactome,REACTOME_FCERI_MEDIATED_NF_KB_ACTIVATION,FCERI MEDIATED NF KB ACTIVATION,0.6430085909299273,1,33
Reactome,REACTOME_FCGAMMA_RECEPTOR_FCGR_DEPENDENT_PHAGOCYTOSIS,FCGAMMA RECEPTOR FCGR DEPENDENT PHAGOCYTOSIS,-0.9009390365727924,1,39
Reactome,REACTOME_FCGR3A_MEDIATED_IL10_SYNTHESIS,FCGR3A MEDIATED IL10 SYNTHESIS,-0.6271852310086088,1,21
Reactome,REACTOME_FC_EPSILON_RECEPTOR_FCERI_SIGNALING,FC EPSILON RECEPTOR FCERI SIGNALING,-0.5395878346793499,1,61
Reactome,REACTOME_FGFR1_MUTANT_RECEPTOR_ACTIVATION,FGFR1 MUTANT RECEPTOR ACTIVATION,0.8654783023044417,1,17
Reactome,REACTOME_FGFR2_MUTANT_RECEPTOR_ACTIVATION,FGFR2 MUTANT RECEPTOR ACTIVATION,1.1156715739901648,1,19
Reactome,REACTOME_FLT3_SIGNALING,FLT3 SIGNALING,-1.1435522023401217,1,28
Reactome,REACTOME_FLT3_SIGNALING_IN_DISEASE,FLT3 SIGNALING IN DISEASE,-0.8841403080716742,1,16
Reactome,REACTOME_FORMATION_OF_FIBRIN_CLOT_CLOTTING_CASCADE,FORMATION OF FIBRIN CLOT CLOTTING CASCADE,1.2047468907320091,1,31
Reactome,REACTOME_FORMATION_OF_INCISION_COMPLEX_IN_GG_NER,FORMATION OF INCISION COMPLEX IN GG NER,-0.9147044008214266,1,18
Reactome,REACTOME_FORMATION_OF_PARAXIAL_MESODERM,FORMATION OF PARAXIAL MESODERM,-0.7761399180450429,1,28
Reactome,REACTOME_FOXO_MEDIATED_TRANSCRIPTION,FOXO MEDIATED TRANSCRIPTION,0.8274883212805182,1,40
Reactome,REACTOME_FOXO_MEDIATED_TRANSCRIPTION_OF_OXIDATIVE_STRESS_METABOLIC_AND_NEURONAL_GENES,FOXO MEDIATED TRANSCRIPTION OF OXIDATIVE STRESS METABOLIC AND NEURONAL GENES,-0.7593932573189884,1,18
Reactome,REACTOME_FRS_MEDIATED_FGFR1_SIGNALING,FRS MEDIATED FGFR1 SIGNALING,1.1336153429270586,1,21
Reactome,REACTOME_FRS_MEDIATED_FGFR3_SIGNALING,FRS MEDIATED FGFR3 SIGNALING,1.1624225444131087,1,18
Reactome,REACTOME_FRS_MEDIATED_FGFR4_SIGNALING,FRS MEDIATED FGFR4 SIGNALING,0.9489159754393837,1,20
Reactome,REACTOME_G1_S_DNA_DAMAGE_CHECKPOINTS,G1 S DNA DAMAGE CHECKPOINTS,0.8202746765573847,1,33
Reactome,REACTOME_G2_M_CHECKPOINTS,G2 M CHECKPOINTS,0.7598515256608109,1,44
Reactome,REACTOME_G2_M_DNA_DAMAGE_CHECKPOINT,G2 M DNA DAMAGE CHECKPOINT,0.7816561572642037,1,22
Reactome,REACTOME_GAMMA_CARBOXYLATION_HYPUSINYLATION_HYDROXYLATION_AND_ARYLSULFATASE_ACTIVATION,GAMMA CARBOXYLATION HYPUSINYLATION HYDROXYLATION AND ARYLSULFATASE ACTIVATION,0.8326599423371395,1,24
Reactome,REACTOME_GASTRULATION,GASTRULATION,-0.6675008733040655,1,42
Reactome,REACTOME_GENERATION_OF_SECOND_MESSENGER_MOLECULES,GENERATION OF SECOND MESSENGER MOLECULES,0.5631143743532168,1,17
Reactome,REACTOME_GENE_AND_PROTEIN_EXPRESSION_BY_JAK_STAT_SIGNALING_AFTER_INTERLEUKIN_12_STIMULATION,GENE AND PROTEIN EXPRESSION BY JAK STAT SIGNALING AFTER INTERLEUKIN 12 STIMULATION,0.9904559295416441,1,30
Reactome,REACTOME_GLOBAL_GENOME_NUCLEOTIDE_EXCISION_REPAIR_GG_NER,GLOBAL GENOME NUCLEOTIDE EXCISION REPAIR GG NER,-1.0779592988397688,1,27
Reactome,REACTOME_GLYCEROPHOSPHOLIPID_BIOSYNTHESIS,GLYCEROPHOSPHOLIPID BIOSYNTHESIS,0.8465917867599964,1,27
Reactome,REACTOME_GOLGI_ASSOCIATED_VESICLE_BIOGENESIS,GOLGI ASSOCIATED VESICLE BIOGENESIS,-0.6019473926329286,1,26
Reactome,REACTOME_GOLGI_TO_ER_RETROGRADE_TRANSPORT,GOLGI TO ER RETROGRADE TRANSPORT,0.6359120347060043,1,34
Reactome,REACTOME_GPVI_MEDIATED_ACTIVATION_CASCADE,GPVI MEDIATED ACTIVATION CASCADE,0.655855075279803,1,23
Reactome,REACTOME_GRB2_EVENTS_IN_ERBB2_SIGNALING,GRB2 EVENTS IN ERBB2 SIGNALING,-0.8078337001910916,1,15
Reactome,REACTOME_GROWTH_HORMONE_RECEPTOR_SIGNALING,GROWTH HORMONE RECEPTOR SIGNALING,0.7348114640635709,1,16
Reactome,REACTOME_GSK3B_MEDIATED_PROTEASOMAL_DEGRADATION_OF_PD_L1_CD274,GSK3B MEDIATED PROTEASOMAL DEGRADATION OF PD L1 CD274,0.901161518657226,1,22
Reactome,REACTOME_G_ALPHA_12_13_SIGNALLING_EVENTS,G ALPHA 12 13 SIGNALLING EVENTS,-1.0606183813235248,1,19
Reactome,REACTOME_G_ALPHA_I_SIGNALLING_EVENTS,G ALPHA I SIGNALLING EVENTS,0.9836703495843818,1,86
Reactome,REACTOME_G_ALPHA_Q_SIGNALLING_EVENTS,G ALPHA Q SIGNALLING EVENTS,0.7677903378960831,1,67
Reactome,REACTOME_G_ALPHA_S_SIGNALLING_EVENTS,G ALPHA S SIGNALLING EVENTS,-1.2033347508573196,1,51
Reactome,REACTOME_HCMV_INFECTION,HCMV INFECTION,-0.8498714829436917,1,16
Reactome,REACTOME_HDR_THROUGH_HOMOLOGOUS_RECOMBINATION_HRR,HDR THROUGH HOMOLOGOUS RECOMBINATION HRR,-0.7937167831182322,1,15
Reactome,REACTOME_HEDGEHOG_LIGAND_BIOGENESIS,HEDGEHOG LIGAND BIOGENESIS,-0.8240891378062429,1,27
Reactome,REACTOME_HEDGEHOG_OFF_STATE,HEDGEHOG OFF STATE,0.8487021697878929,1,28
Reactome,REACTOME_HEDGEHOG_ON_STATE,HEDGEHOG ON STATE,0.9778715797745104,1,35
Reactome,REACTOME_HEME_SIGNALING,HEME SIGNALING,0.6724906184645792,1,15
Reactome,REACTOME_HEMOSTASIS,HEMOSTASIS,1.054241355756188,1,287
Reactome,REACTOME_HEPARAN_SULFATE_HEPARIN_HS_GAG_METABOLISM,HEPARAN SULFATE HEPARIN HS GAG METABOLISM,-0.8508856899860523,1,24
Reactome,REACTOME_HH_MUTANTS_ABROGATE_LIGAND_SECRETION,HH MUTANTS ABROGATE LIGAND SECRETION,0.9202759737628812,1,23
Reactome,REACTOME_HIV_INFECTION,HIV INFECTION,-0.6252784112328565,1,67
Reactome,REACTOME_HIV_LIFE_CYCLE,HIV LIFE CYCLE,-0.9582835818034149,1,36
Reactome,REACTOME_HOMOLOGY_DIRECTED_REPAIR,HOMOLOGY DIRECTED REPAIR,-0.8074978906365523,1,30
Reactome,REACTOME_HOST_INTERACTIONS_OF_HIV_FACTORS,HOST INTERACTIONS OF HIV FACTORS,-0.6808260885597129,1,43
Reactome,REACTOME_HSF1_ACTIVATION,HSF1 ACTIVATION,0.640934176994079,1,18
Reactome,REACTOME_HSF1_DEPENDENT_TRANSACTIVATION,HSF1 DEPENDENT TRANSACTIVATION,0.9263576464601838,1,21
Reactome,REACTOME_HSP90_CHAPERONE_CYCLE_FOR_STEROID_HORMONE_RECEPTORS_SHR_IN_THE_PRESENCE_OF_LIGAND,HSP90 CHAPERONE CYCLE FOR STEROID HORMONE RECEPTORS SHR IN THE PRESENCE OF LIGAND,0.8974799130664327,1,19
Reactome,REACTOME_HS_GAG_BIOSYNTHESIS,HS GAG BIOSYNTHESIS,-0.6995395576310695,1,20
Reactome,REACTOME_IL_6_TYPE_CYTOKINE_RECEPTOR_LIGAND_INTERACTIONS,IL 6 TYPE CYTOKINE RECEPTOR LIGAND INTERACTIONS,-1.2578073154394076,1,15
Reactome,REACTOME_INACTIVATION_OF_CSF3_G_CSF_SIGNALING,INACTIVATION OF CSF3 G CSF SIGNALING,-1.0089489236448959,1,17
Reactome,REACTOME_INFECTION_WITH_MYCOBACTERIUM_TUBERCULOSIS,INFECTION WITH MYCOBACTERIUM TUBERCULOSIS,-0.5206872152553271,1,18
Reactome,REACTOME_INFECTIOUS_DISEASE,INFECTIOUS DISEASE,-0.8828582239949452,1,426
Reactome,REACTOME_INFLUENZA_INFECTION,INFLUENZA INFECTION,-0.9884925990839204,1,32
Reactome,REACTOME_INFLUENZA_VIRAL_RNA_TRANSCRIPTION_AND_REPLICATION,INFLUENZA VIRAL RNA TRANSCRIPTION AND REPLICATION,-1.1651548988135116,1,18
Reactome,REACTOME_INSULIN_RECEPTOR_SIGNALLING_CASCADE,INSULIN RECEPTOR SIGNALLING CASCADE,0.7925005725145301,1,40
Reactome,REACTOME_INTEGRATION_OF_ENERGY_METABOLISM,INTEGRATION OF ENERGY METABOLISM,-0.7475843264742856,1,25
Reactome,REACTOME_INTEGRIN_CELL_SURFACE_INTERACTIONS,INTEGRIN CELL SURFACE INTERACTIONS,-0.79975179317716,1,48
Reactome,REACTOME_INTEGRIN_SIGNALING,INTEGRIN SIGNALING,0.64324880820197206,1,15
Reactome,REACTOME_INTERCONVERSION_OF_NUCLEOTIDE_DI_AND_TRIPHOSPHATES,INTERCONVERSION OF NUCLEOTIDE DI AND TRIPHOSPHATES,-0.9210407593959069,1,21
Reactome,REACTOME_INTERFERON_ALPHA_BETA_SIGNALING,INTERFERON ALPHA BETA SIGNALING,-0.9368501525884629,1,39
Reactome,REACTOME_INTERFERON_GAMMA_SIGNALING,INTERFERON GAMMA SIGNALING,-0.6521424512145031,1,37
Reactome,REACTOME_INTERFERON_SIGNALING,INTERFERON SIGNALING,-0.7175268004679191,1,109
Reactome,REACTOME_INTERLEUKIN_10_SIGNALING,INTERLEUKIN 10 SIGNALING,0.7762732487994871,1,36
Reactome,REACTOME_INTERLEUKIN_12_FAMILY_SIGNALING,INTERLEUKIN 12 FAMILY SIGNALING,0.7301727988913673,1,45
Reactome,REACTOME_INTERLEUKIN_12_SIGNALING,INTERLEUKIN 12 SIGNALING,0.7177623884843989,1,37
Reactome,REACTOME_INTERLEUKIN_17_SIGNALING,INTERLEUKIN 17 SIGNALING,-0.685145611940124,1,38
Reactome,REACTOME_INTERLEUKIN_1_FAMILY_SIGNALING,INTERLEUKIN 1 FAMILY SIGNALING,1.0819429637825746,1,75
Reactome,REACTOME_INTERLEUKIN_1_SIGNALING,INTERLEUKIN 1 SIGNALING,0.8479758894197692,1,49
Reactome,REACTOME_INTERLEUKIN_2_FAMILY_SIGNALING,INTERLEUKIN 2 FAMILY SIGNALING,-0.9659421944411624,1,30
Reactome,REACTOME_INTERLEUKIN_3_INTERLEUKIN_5_AND_GM_CSF_SIGNALING,INTERLEUKIN 3 INTERLEUKIN 5 AND GM CSF SIGNALING,-1.222096156159932,1,35
Reactome,REACTOME_INTERLEUKIN_6_FAMILY_SIGNALING,INTERLEUKIN 6 FAMILY SIGNALING,-1.0670080271122122,1,22
Reactome,REACTOME_INTERLEUKIN_RECEPTOR_SHC_SIGNALING,INTERLEUKIN RECEPTOR SHC SIGNALING,-1.2442274484792564,1,17
Reactome,REACTOME_INTRACELLULAR_SIGNALING_BY_SECOND_MESSENGERS,INTRACELLULAR SIGNALING BY SECOND MESSENGERS,-0.757208685732539,1,140
Reactome,REACTOME_INTRA_GOLGI_AND_RETROGRADE_GOLGI_TO_ER_TRAFFIC,INTRA GOLGI AND RETROGRADE GOLGI TO ER TRAFFIC,0.7536482561734236,1,54
Reactome,REACTOME_INTRA_GOLGI_TRAFFIC,INTRA GOLGI TRAFFIC,-0.8402052661414964,1,17
Reactome,REACTOME_INTRINSIC_PATHWAY_OF_FIBRIN_CLOT_FORMATION,INTRINSIC PATHWAY OF FIBRIN CLOT FORMATION,-0.8013254225432342,1,20
Reactome,REACTOME_ION_CHANNEL_TRANSPORT,ION CHANNEL TRANSPORT,-0.7689764356998204,1,30
Reactome,REACTOME_ION_HOMEOSTASIS,ION HOMEOSTASIS,-0.8532349711815705,1,17
Reactome,REACTOME_IRE1ALPHA_ACTIVATES_CHAPERONES,IRE1ALPHA ACTIVATES CHAPERONES,-0.8021085000213093,1,18
Reactome,REACTOME_IRON_UPTAKE_AND_TRANSPORT,IRON UPTAKE AND TRANSPORT,1.02596848767533,1,17
Reactome,REACTOME_IRS_MEDIATED_SIGNALLING,IRS MEDIATED SIGNALLING,0.7584086272214409,1,34
Reactome,REACTOME_ISG15_ANTIVIRAL_MECHANISM,ISG15 ANTIVIRAL MECHANISM,-0.9240075919364871,1,28
Reactome,REACTOME_KEAP1_NFE2L2_PATHWAY,KEAP1 NFE2L2 PATHWAY,0.7996483245151237,1,63
Reactome,REACTOME_LATE_SARS_COV_2_INFECTION_EVENTS,LATE SARS COV 2 INFECTION EVENTS,-1.1227837958926878,1,26
Reactome,REACTOME_LEISHMANIA_INFECTION,LEISHMANIA INFECTION,-0.9417570458721879,1,70
Reactome,REACTOME_LYSOSOME_VESICLE_BIOGENESIS,LYSOSOME VESICLE BIOGENESIS,-1.1754272213026875,1,19
Reactome,REACTOME_MAP2K_AND_MAPK_ACTIVATION,MAP2K AND MAPK ACTIVATION,-0.38044538696307145,1,22
Reactome,REACTOME_MAPK1_MAPK3_SIGNALING,MAPK1 MAPK3 SIGNALING,-0.6932837436078987,1,150
Reactome,REACTOME_MAPK6_MAPK4_SIGNALING,MAPK6 MAPK4 SIGNALING,-0.662014506059025,1,35
Reactome,REACTOME_MAPK_FAMILY_SIGNALING_CASCADES,MAPK FAMILY SIGNALING CASCADES,-0.7466825066601567,1,166
Reactome,REACTOME_MAPK_TARGETS_NUCLEAR_EVENTS_MEDIATED_BY_MAP_KINASES,MAPK TARGETS NUCLEAR EVENTS MEDIATED BY MAP KINASES,-0.5657097030447727,1,17
Reactome,REACTOME_MATURATION_OF_DENV_PROTEINS,MATURATION OF DENV PROTEINS,0.5299406865159555,1,22
Reactome,REACTOME_MEMBRANE_TRAFFICKING,MEMBRANE TRAFFICKING,-1.0189561493666393,1,196
Reactome,REACTOME_METABOLISM_OF_LIPIDS,METABOLISM OF LIPIDS,-0.8709536010277987,1,211
Reactome,REACTOME_METABOLISM_OF_NUCLEOTIDES,METABOLISM OF NUCLEOTIDES,-0.7153908258801471,1,56
Reactome,REACTOME_METABOLISM_OF_POLYAMINES,METABOLISM OF POLYAMINES,0.8285904079380846,1,21
Reactome,REACTOME_METABOLISM_OF_RNA,METABOLISM OF RNA,0.7096589379344418,1,144
Reactome,REACTOME_METABOLISM_OF_STEROIDS,METABOLISM OF STEROIDS,0.8536112075799257,1,49
Reactome,REACTOME_METABOLISM_OF_WATER_SOLUBLE_VITAMINS_AND_COFACTORS,METABOLISM OF WATER SOLUBLE VITAMINS AND COFACTORS,-0.963306833247074,1,50
Reactome,REACTOME_MET_PROMOTES_CELL_MOTILITY,MET PROMOTES CELL MOTILITY,-1.2641653648779387,1,17
Reactome,REACTOME_MITF_M_DEPENDENT_GENE_EXPRESSION,MITF M DEPENDENT GENE EXPRESSION,-0.7795014957017667,1,30
Reactome,REACTOME_MITF_M_REGULATED_MELANOCYTE_DEVELOPMENT,MITF M REGULATED MELANOCYTE DEVELOPMENT,-0.7317745120223451,1,54
Reactome,REACTOME_MITOCHONDRIAL_BIOGENESIS,MITOCHONDRIAL BIOGENESIS,-1.043344414043279,1,20
Reactome,REACTOME_MITOPHAGY,MITOPHAGY,0.8823098888587239,1,18
Reactome,REACTOME_MITOTIC_G1_PHASE_AND_G1_S_TRANSITION,MITOTIC G1 PHASE AND G1 S TRANSITION,0.8106425557973275,1,58
Reactome,REACTOME_MITOTIC_G2_G2_M_PHASES,MITOTIC G2 G2 M PHASES,0.4797400112402217,1,48
Reactome,REACTOME_MITOTIC_METAPHASE_AND_ANAPHASE,MITOTIC METAPHASE AND ANAPHASE,0.5873618322961699,1,61
Reactome,REACTOME_MITOTIC_PROMETAPHASE,MITOTIC PROMETAPHASE,-0.5278866936785925,1,34
Reactome,REACTOME_MITOTIC_PROPHASE,MITOTIC PROPHASE,-0.7467515819300438,1,23
Reactome,REACTOME_MITOTIC_SPINDLE_CHECKPOINT,MITOTIC SPINDLE CHECKPOINT,-0.7155754599858171,1,25
Reactome,REACTOME_MOLECULES_ASSOCIATED_WITH_ELASTIC_FIBRES,MOLECULES ASSOCIATED WITH ELASTIC FIBRES,-1.1103494662032527,1,20
Reactome,REACTOME_MRNA_3_END_PROCESSING,MRNA 3 END PROCESSING,1.0605570594023197,1,42
Reactome,REACTOME_MRNA_POLYADENYLATION,MRNA POLYADENYLATION,1.0114336445222423,1,37
Reactome,REACTOME_MRNA_SPLICING,MRNA SPLICING,0.8616782957497091,1,54
Reactome,REACTOME_MUSCLE_CONTRACTION,MUSCLE CONTRACTION,1.1694104987508969,1,59
Reactome,REACTOME_MYD88_INDEPENDENT_TLR4_CASCADE,MYD88 INDEPENDENT TLR4 CASCADE,-1.0145656492662654,1,54
Reactome,REACTOME_MYOGENESIS,MYOGENESIS,-0.7895198740491248,1,15
Reactome,REACTOME_M_PHASE,M PHASE,-0.4226870128739463,1,86
Reactome,REACTOME_NCAM1_INTERACTIONS,NCAM1 INTERACTIONS,-0.5270642577725532,1,20
Reactome,REACTOME_NCAM_SIGNALING_FOR_NEURITE_OUT_GROWTH,NCAM SIGNALING FOR NEURITE OUT GROWTH,-0.6434094957956946,1,31
Reactome,REACTOME_NEDDYLATION,NEDDYLATION,1.1361126756483932,1,59
Reactome,REACTOME_NEGATIVE_REGULATION_OF_FGFR1_SIGNALING,NEGATIVE REGULATION OF FGFR1 SIGNALING,0.8799201907170325,1,27
Reactome,REACTOME_NEGATIVE_REGULATION_OF_FGFR2_SIGNALING,NEGATIVE REGULATION OF FGFR2 SIGNALING,0.9644621872989096,1,29
Reactome,REACTOME_NEGATIVE_REGULATION_OF_FGFR3_SIGNALING,NEGATIVE REGULATION OF FGFR3 SIGNALING,0.8488584406944659,1,24
Reactome,REACTOME_NEGATIVE_REGULATION_OF_FGFR4_SIGNALING,NEGATIVE REGULATION OF FGFR4 SIGNALING,0.7776114531816696,1,26
Reactome,REACTOME_NEGATIVE_REGULATION_OF_MAPK_PATHWAY,NEGATIVE REGULATION OF MAPK PATHWAY,-0.8663059976463584,1,22
Reactome,REACTOME_NEGATIVE_REGULATION_OF_MET_ACTIVITY,NEGATIVE REGULATION OF MET ACTIVITY,0.6212804116111473,1,15
Reactome,REACTOME_NEGATIVE_REGULATION_OF_NOTCH4_SIGNALING,NEGATIVE REGULATION OF NOTCH4 SIGNALING,0.7882214829322531,1,23
Reactome,REACTOME_NEGATIVE_REGULATION_OF_THE_PI3K_AKT_NETWORK,NEGATIVE REGULATION OF THE PI3K AKT NETWORK,-0.9349863663133883,1,82
Reactome,REACTOME_NEGATIVE_REGULATORS_OF_DDX58_IFIH1_SIGNALING,NEGATIVE REGULATORS OF DDX58 IFIH1 SIGNALING,-0.5350889895433268,1,18
Reactome,REACTOME_NEUREXINS_AND_NEUROLIGINS,NEUREXINS AND NEUROLIGINS,-1.1392907021323928,1,28
Reactome,REACTOME_NEUROTRANSMITTER_RECEPTORS_AND_POSTSYNAPTIC_SIGNAL_TRANSMISSION,NEUROTRANSMITTER RECEPTORS AND POSTSYNAPTIC SIGNAL TRANSMISSION,-1.2107908298659502,1,52
Reactome,REACTOME_NEUROTRANSMITTER_RELEASE_CYCLE,NEUROTRANSMITTER RELEASE CYCLE,-0.6897374800880731,1,16
Reactome,REACTOME_NEUTROPHIL_DEGRANULATION,NEUTROPHIL DEGRANULATION,-0.9555762774161908,1,260
Reactome,REACTOME_NOD1_2_SIGNALING_PATHWAY,NOD1 2 SIGNALING PATHWAY,-0.5995442032261133,1,18
Reactome,REACTOME_NONSENSE_MEDIATED_DECAY_NMD,NONSENSE MEDIATED DECAY NMD,-0.8549148241265803,1,16
Reactome,REACTOME_NRAGE_SIGNALS_DEATH_THROUGH_JNK,NRAGE SIGNALS DEATH THROUGH JNK,-0.7933478839640411,1,18
Reactome,REACTOME_NUCLEAR_ENVELOPE_NE_REASSEMBLY,NUCLEAR ENVELOPE NE REASSEMBLY,-0.5091260470894591,1,17
Reactome,REACTOME_NUCLEAR_EVENTS_KINASE_AND_TRANSCRIPTION_FACTOR_ACTIVATION,NUCLEAR EVENTS KINASE AND TRANSCRIPTION FACTOR ACTIVATION,0.7478949035480812,1,21
Reactome,REACTOME_NUCLEAR_EVENTS_MEDIATED_BY_NFE2L2,NUCLEAR EVENTS MEDIATED BY NFE2L2,0.7614890973123228,1,51
Reactome,REACTOME_NUCLEAR_EVENTS_STIMULATED_BY_ALK_SIGNALING_IN_CANCER,NUCLEAR EVENTS STIMULATED BY ALK SIGNALING IN CANCER,0.5641230356942754,1,20
Reactome,REACTOME_NUCLEAR_RECEPTOR_TRANSCRIPTION_PATHWAY,NUCLEAR RECEPTOR TRANSCRIPTION PATHWAY,1.1832694255454206,1,17
Reactome,REACTOME_NUCLEAR_SIGNALING_BY_ERBB4,NUCLEAR SIGNALING BY ERBB4,-0.8584248007729418,1,18
Reactome,REACTOME_NUCLEOTIDE_BINDING_DOMAIN_LEUCINE_RICH_REPEAT_CONTAINING_RECEPTOR_NLR_SIGNALING_PATHWAYS,NUCLEOTIDE BINDING DOMAIN LEUCINE RICH REPEAT CONTAINING RECEPTOR NLR SIGNALING PATHWAYS,0.5330001312088165,1,29
Reactome,REACTOME_NUCLEOTIDE_CATABOLISM,NUCLEOTIDE CATABOLISM,0.7792880563663536,1,20
Reactome,REACTOME_NUCLEOTIDE_EXCISION_REPAIR,NUCLEOTIDE EXCISION REPAIR,-0.9971187610953641,1,32
Reactome,REACTOME_N_GLYCAN_ANTENNAE_ELONGATION_IN_THE_MEDIAL_TRANS_GOLGI,N GLYCAN ANTENNAE ELONGATION IN THE MEDIAL TRANS GOLGI,-1.1847237105869008,1,17
Reactome,REACTOME_ONCOGENE_INDUCED_SENESCENCE,ONCOGENE INDUCED SENESCENCE,-0.9976811308700952,1,17
Reactome,REACTOME_ONCOGENIC_MAPK_SIGNALING,ONCOGENIC MAPK SIGNALING,0.49167875388483084,1,36
Reactome,REACTOME_ORC1_REMOVAL_FROM_CHROMATIN,ORC1 REMOVAL FROM CHROMATIN,1.027754516997376,1,24
Reactome,REACTOME_ORGANELLE_BIOGENESIS_AND_MAINTENANCE,ORGANELLE BIOGENESIS AND MAINTENANCE,-0.8740332725038145,1,48
Reactome,REACTOME_OTHER_INTERLEUKIN_SIGNALING,OTHER INTERLEUKIN SIGNALING,0.8327961944427511,1,20
Reactome,REACTOME_OXIDATIVE_STRESS_INDUCED_SENESCENCE,OXIDATIVE STRESS INDUCED SENESCENCE,-0.7035106575949865,1,30
Reactome,REACTOME_O_GLYCOSYLATION_OF_TSR_DOMAIN_CONTAINING_PROTEINS,O GLYCOSYLATION OF TSR DOMAIN CONTAINING PROTEINS,-0.9558962650170563,1,17
Reactome,REACTOME_O_LINKED_GLYCOSYLATION,O LINKED GLYCOSYLATION,-1.111186254204418,1,50
Reactome,REACTOME_O_LINKED_GLYCOSYLATION_OF_MUCINS,O LINKED GLYCOSYLATION OF MUCINS,-1.005740384013609,1,26
Reactome,REACTOME_P53_DEPENDENT_G1_DNA_DAMAGE_RESPONSE,P53 DEPENDENT G1 DNA DAMAGE RESPONSE,0.780491627958379,1,27
Reactome,REACTOME_P75_NTR_RECEPTOR_MEDIATED_SIGNALLING,P75 NTR RECEPTOR MEDIATED SIGNALLING,-1.122328336011288,1,37
Reactome,REACTOME_PARASITE_INFECTION,PARASITE INFECTION,-1.002997927650276,1,29
Reactome,REACTOME_PCP_CE_PATHWAY,PCP CE PATHWAY,-0.7155591535065055,1,37
Reactome,REACTOME_PEPTIDE_HORMONE_METABOLISM,PEPTIDE HORMONE METABOLISM,-1.0420818757163126,1,44
Reactome,REACTOME_PHOSPHOLIPASE_C_MEDIATED_CASCADE_FGFR4,PHOSPHOLIPASE C MEDIATED CASCADE FGFR4,1.0407119036607968,1,15
Reactome,REACTOME_PHOSPHOLIPID_METABOLISM,PHOSPHOLIPID METABOLISM,0.8616885604752049,1,50
Reactome,REACTOME_PI3K_AKT_SIGNALING_IN_CANCER,PI3K AKT SIGNALING IN CANCER,-0.9276094337464659,1,78
Reactome,REACTOME_PI_3K_CASCADE_FGFR1,PI 3K CASCADE FGFR1,1.2378482298634306,1,19
Reactome,REACTOME_PI_3K_CASCADE_FGFR3,PI 3K CASCADE FGFR3,1.2543419840075067,1,16
Reactome,REACTOME_PI_3K_CASCADE_FGFR4,PI 3K CASCADE FGFR4,1.0300784842126058,1,18
Reactome,REACTOME_PI_METABOLISM,PI METABOLISM,0.9027179349301176,1,24
Reactome,REACTOME_PKR_MEDIATED_SIGNALING,PKR MEDIATED SIGNALING,-0.43191415606300276,1,28
Reactome,REACTOME_PLASMA_LIPOPROTEIN_ASSEMBLY_REMODELING_AND_CLEARANCE,PLASMA LIPOPROTEIN ASSEMBLY REMODELING AND CLEARANCE,-0.9681485006736418,1,35
Reactome,REACTOME_PLASMA_LIPOPROTEIN_CLEARANCE,PLASMA LIPOPROTEIN CLEARANCE,-0.8807589848221593,1,18
Reactome,REACTOME_PLASMA_LIPOPROTEIN_REMODELING,PLASMA LIPOPROTEIN REMODELING,-0.9642146054225638,1,17
Reactome,REACTOME_PLATELET_ACTIVATION_SIGNALING_AND_AGGREGATION,PLATELET ACTIVATION SIGNALING AND AGGREGATION,0.8324618761633312,1,141
Reactome,REACTOME_PLATELET_AGGREGATION_PLUG_FORMATION,PLATELET AGGREGATION PLUG FORMATION,-0.4913011352262932,1,21
Reactome,REACTOME_POST_TRANSLATIONAL_PROTEIN_MODIFICATION,POST TRANSLATIONAL PROTEIN MODIFICATION,-0.9705567474229222,1,482
Reactome,REACTOME_POTENTIAL_THERAPEUTICS_FOR_SARS,POTENTIAL THERAPEUTICS FOR SARS,-0.9127061385959017,1,43
Reactome,REACTOME_PRE_NOTCH_EXPRESSION_AND_PROCESSING,PRE NOTCH EXPRESSION AND PROCESSING,0.7882993129063934,1,22
Reactome,REACTOME_PROCESSING_OF_CAPPED_INTRON_CONTAINING_PRE_MRNA,PROCESSING OF CAPPED INTRON CONTAINING PRE MRNA,-0.7394088842262521,1,66
Reactome,REACTOME_PROCESSING_OF_DNA_DOUBLE_STRAND_BREAK_ENDS,PROCESSING OF DNA DOUBLE STRAND BREAK ENDS,0.7497549323355621,1,18
Reactome,REACTOME_PROGRAMMED_CELL_DEATH,PROGRAMMED CELL DEATH,-0.852233678675282,1,105
Reactome,REACTOME_PROTEASOME_ASSEMBLY,PROTEASOME ASSEMBLY,1.0095170758497831,1,25
Reactome,REACTOME_PROTEIN_FOLDING,PROTEIN FOLDING,-0.7246704996738277,1,23
Reactome,REACTOME_PROTEIN_UBIQUITINATION,PROTEIN UBIQUITINATION,-0.8982477195996775,1,25
Reactome,REACTOME_PTEN_REGULATION,PTEN REGULATION,-0.535032127870976,1,42
Reactome,REACTOME_PURINERGIC_SIGNALING_IN_LEISHMANIASIS_INFECTION,PURINERGIC SIGNALING IN LEISHMANIASIS INFECTION,0.7368413129617138,1,16
Reactome,REACTOME_PYRUVATE_METABOLISM,PYRUVATE METABOLISM,-1.146329897255803,1,17
Reactome,REACTOME_RAB_GEFS_EXCHANGE_GTP_FOR_GDP_ON_RABS,RAB GEFS EXCHANGE GTP FOR GDP ON RABS,-1.1841153383564142,1,28
Reactome,REACTOME_RAB_GERANYLGERANYLATION,RAB GERANYLGERANYLATION,-0.7160423902203026,1,29
Reactome,REACTOME_RAB_REGULATION_OF_TRAFFICKING,RAB REGULATION OF TRAFFICKING,-1.0065792041994908,1,37
Reactome,REACTOME_RAC1_GTPASE_CYCLE,RAC1 GTPASE CYCLE,1.0189377891468818,1,41
Reactome,REACTOME_RAC2_GTPASE_CYCLE,RAC2 GTPASE CYCLE,1.0509632885095719,1,27
Reactome,REACTOME_RAC3_GTPASE_CYCLE,RAC3 GTPASE CYCLE,0.9355962963460108,1,31
Reactome,REACTOME_RAF_ACTIVATION,RAF ACTIVATION,-1.0911127746552598,1,18
Reactome,REACTOME_RECYCLING_PATHWAY_OF_L1,RECYCLING PATHWAY OF L1,-1.0621143807560376,1,15
Reactome,REACTOME_REGULATED_NECROSIS,REGULATED NECROSIS,-1.1085067844341423,1,35
Reactome,REACTOME_REGULATION_OF_APOPTOSIS,REGULATION OF APOPTOSIS,0.826171480154608,1,19
Reactome,REACTOME_REGULATION_OF_BETA_CELL_DEVELOPMENT,REGULATION OF BETA CELL DEVELOPMENT,-0.9789264023395506,1,16
Reactome,REACTOME_REGULATION_OF_CDH1_FUNCTION,REGULATION OF CDH1 FUNCTION,0.6803783024575564,1,29
Reactome,REACTOME_REGULATION_OF_CHOLESTEROL_BIOSYNTHESIS_BY_SREBP_SREBF,REGULATION OF CHOLESTEROL BIOSYNTHESIS BY SREBP SREBF,0.6355753190445559,1,16
Reactome,REACTOME_REGULATION_OF_EXPRESSION_OF_SLITS_AND_ROBOS,REGULATION OF EXPRESSION OF SLITS AND ROBOS,-1.0695888236432438,1,39
Reactome,REACTOME_REGULATION_OF_HOMOTYPIC_CELL_CELL_ADHESION,REGULATION OF HOMOTYPIC CELL CELL ADHESION,0.5623069460074153,1,59
Reactome,REACTOME_REGULATION_OF_HSF1_MEDIATED_HEAT_SHOCK_RESPONSE,REGULATION OF HSF1 MEDIATED HEAT SHOCK RESPONSE,-0.7879013987633078,1,30
Reactome,REACTOME_REGULATION_OF_IFNA_IFNB_SIGNALING,REGULATION OF IFNA IFNB SIGNALING,0.5865431180505809,1,19
Reactome,REACTOME_REGULATION_OF_INSULIN_LIKE_GROWTH_FACTOR_IGF_TRANSPORT_AND_UPTAKE_BY_INSULIN_LIKE_GROWTH_FACTOR_BINDING_PROTEINS_IGFBPS,REGULATION OF INSULIN LIKE GROWTH FACTOR IGF TRANSPORT AND UPTAKE BY INSULIN LIKE GROWTH FACTOR BINDING PROTEINS IGFBPS,1.0604842456618997,1,89
Reactome,REACTOME_REGULATION_OF_INSULIN_SECRETION,REGULATION OF INSULIN SECRETION,-1.1770731969174013,1,18
Reactome,REACTOME_REGULATION_OF_LIPID_METABOLISM_BY_PPARALPHA,REGULATION OF LIPID METABOLISM BY PPARALPHA,1.0024340740835664,1,27
Reactome,REACTOME_REGULATION_OF_MRNA_STABILITY_BY_PROTEINS_THAT_BIND_AU_RICH_ELEMENTS,REGULATION OF MRNA STABILITY BY PROTEINS THAT BIND AU RICH ELEMENTS,0.5658622935629201,1,37
Reactome,REACTOME_REGULATION_OF_ORNITHINE_DECARBOXYLASE_ODC,REGULATION OF ORNITHINE DECARBOXYLASE ODC,1.141436192344109,1,19
Reactome,REACTOME_REGULATION_OF_PD_L1_CD274_EXPRESSION,REGULATION OF PD L1 CD274 EXPRESSION,-0.6955477656828022,1,57
Reactome,REACTOME_REGULATION_OF_PD_L1_CD274_POST_TRANSLATIONAL_MODIFICATION,REGULATION OF PD L1 CD274 POST TRANSLATIONAL MODIFICATION,1.0763395922232393,1,35
Reactome,REACTOME_REGULATION_OF_PD_L1_CD274_TRANSCRIPTION,REGULATION OF PD L1 CD274 TRANSCRIPTION,-1.1301952652172336,1,20
Reactome,REACTOME_REGULATION_OF_PLK1_ACTIVITY_AT_G2_M_TRANSITION,REGULATION OF PLK1 ACTIVITY AT G2 M TRANSITION,-0.5757149183392143,1,20
Reactome,REACTOME_REGULATION_OF_PTEN_STABILITY_AND_ACTIVITY,REGULATION OF PTEN STABILITY AND ACTIVITY,0.7942312579882582,1,29
Reactome,REACTOME_REGULATION_OF_RAS_BY_GAPS,REGULATION OF RAS BY GAPS,0.9221561504878174,1,24
Reactome,REACTOME_REGULATION_OF_RUNX2_EXPRESSION_AND_ACTIVITY,REGULATION OF RUNX2 EXPRESSION AND ACTIVITY,0.6483896100283417,1,29
Reactome,REACTOME_REGULATION_OF_RUNX3_EXPRESSION_AND_ACTIVITY,REGULATION OF RUNX3 EXPRESSION AND ACTIVITY,-0.607272431817676,1,26
Reactome,REACTOME_REGULATION_OF_SIGNALING_BY_CBL,REGULATION OF SIGNALING BY CBL,-1.094866716186238,1,15
Reactome,REACTOME_REGULATION_OF_TP53_ACTIVITY,REGULATION OF TP53 ACTIVITY,-0.8240078740565139,1,46
Reactome,REACTOME_REGULATION_OF_TP53_ACTIVITY_THROUGH_PHOSPHORYLATION,REGULATION OF TP53 ACTIVITY THROUGH PHOSPHORYLATION,1.0870780577445522,1,28
Reactome,REACTOME_REGULATION_OF_TP53_EXPRESSION_AND_DEGRADATION,REGULATION OF TP53 EXPRESSION AND DEGRADATION,-1.1964045265353058,1,17
Reactome,REACTOME_REGULATION_OF_T_CELL_ACTIVATION_BY_CD28_FAMILY,REGULATION OF T CELL ACTIVATION BY CD28 FAMILY,-0.880005381647642,1,91
Reactome,REACTOME_REPRODUCTION,REPRODUCTION,0.7566393256009583,1,17
Reactome,REACTOME_RESOLUTION_OF_SISTER_CHROMATID_COHESION,RESOLUTION OF SISTER CHROMATID COHESION,-0.6843148649633639,1,23
Reactome,REACTOME_RESPIRATORY_ELECTRON_TRANSPORT,RESPIRATORY ELECTRON TRANSPORT,-0.9638755768371653,1,32
Reactome,REACTOME_RESPIRATORY_SYNCYTIAL_VIRUS_INFECTION_PATHWAY,RESPIRATORY SYNCYTIAL VIRUS INFECTION PATHWAY,-1.071538151111797,1,55
Reactome,REACTOME_RESPONSE_OF_EIF2AK4_GCN2_TO_AMINO_ACID_DEFICIENCY,RESPONSE OF EIF2AK4 GCN2 TO AMINO ACID DEFICIENCY,0.6019185324187364,1,17
Reactome,REACTOME_RESPONSE_TO_ELEVATED_PLATELET_CYTOSOLIC_CA2,RESPONSE TO ELEVATED PLATELET CYTOSOLIC CA2,1.0388936241907158,1,91
Reactome,REACTOME_RET_SIGNALING,RET SIGNALING,0.6441688385847495,1,22
Reactome,REACTOME_RHOA_GTPASE_CYCLE,RHOA GTPASE CYCLE,-0.6086363539543604,1,35
Reactome,REACTOME_RHOBTB_GTPASE_CYCLE,RHOBTB GTPASE CYCLE,0.5849972614207191,1,17
Reactome,REACTOME_RHOB_GTPASE_CYCLE,RHOB GTPASE CYCLE,0.9070963247609117,1,19
Reactome,REACTOME_RHOC_GTPASE_CYCLE,RHOC GTPASE CYCLE,0.9012949951863204,1,22
Reactome,REACTOME_RHOD_GTPASE_CYCLE,RHOD GTPASE CYCLE,-0.8030986663687981,1,16
Reactome,REACTOME_RHOG_GTPASE_CYCLE,RHOG GTPASE CYCLE,1.026680291508611,1,26
Reactome,REACTOME_RHOJ_GTPASE_CYCLE,RHOJ GTPASE CYCLE,0.7414737051788234,1,19
Reactome,REACTOME_RHOQ_GTPASE_CYCLE,RHOQ GTPASE CYCLE,0.8391496914218253,1,17
Reactome,REACTOME_RHO_GTPASES_ACTIVATE_FORMINS,RHO GTPASES ACTIVATE FORMINS,-0.7038686906154393,1,29
Reactome,REACTOME_RHO_GTPASES_ACTIVATE_PKNS,RHO GTPASES ACTIVATE PKNS,-0.6310145967132315,1,17
Reactome,REACTOME_RHO_GTPASE_CYCLE,RHO GTPASE CYCLE,-0.6126387702323038,1,125
Reactome,REACTOME_RHO_GTPASE_EFFECTORS,RHO GTPASE EFFECTORS,0.6627343410498143,1,79
Reactome,REACTOME_RIBOSOME_ASSOCIATED_QUALITY_CONTROL,RIBOSOME ASSOCIATED QUALITY CONTROL,0.6291067231886859,1,35
Reactome,REACTOME_RIBOSOME_QUALITY_CONTROL_RQC_COMPLEX_EXTRACTS_AND_DEGRADES_NASCENT_PEPTIDE,RIBOSOME QUALITY CONTROL RQC COMPLEX EXTRACTS AND DEGRADES NASCENT PEPTIDE,0.5737463982869022,1,25
Reactome,REACTOME_RIPK1_MEDIATED_REGULATED_NECROSIS,RIPK1 MEDIATED REGULATED NECROSIS,-1.0849300862396238,1,21
Reactome,REACTOME_RNA_POLYMERASE_II_TRANSCRIPTION,RNA POLYMERASE II TRANSCRIPTION,-0.7527146954630551,1,342
Reactome,REACTOME_RRNA_PROCESSING,RRNA PROCESSING,-0.5475854638660014,1,26
Reactome,REACTOME_RUNX1_REGULATES_TRANSCRIPTION_OF_GENES_INVOLVED_IN_DIFFERENTIATION_OF_HSCS,RUNX1 REGULATES TRANSCRIPTION OF GENES INVOLVED IN DIFFERENTIATION OF HSCS,0.873803173696274,1,24
Reactome,REACTOME_SARS_COV_1_ACTIVATES_MODULATES_INNATE_IMMUNE_RESPONSES,SARS COV 1 ACTIVATES MODULATES INNATE IMMUNE RESPONSES,-0.8861045517198434,1,18
Reactome,REACTOME_SARS_COV_1_HOST_INTERACTIONS,SARS COV 1 HOST INTERACTIONS,-0.6950320099421377,1,42
Reactome,REACTOME_SARS_COV_1_INFECTION,SARS COV 1 INFECTION,-0.6219637819354362,1,60
Reactome,REACTOME_SARS_COV_2_ACTIVATES_MODULATES_INNATE_AND_ADAPTIVE_IMMUNE_RESPONSES,SARS COV 2 ACTIVATES MODULATES INNATE AND ADAPTIVE IMMUNE RESPONSES,-1.0053931816051862,1,46
Reactome,REACTOME_SARS_COV_2_HOST_INTERACTIONS,SARS COV 2 HOST INTERACTIONS,-1.036087335968532,1,72
Reactome,REACTOME_SARS_COV_INFECTIONS,SARS COV INFECTIONS,-1.123588348330192,1,165
Reactome,REACTOME_SCF_BETA_TRCP_MEDIATED_DEGRADATION_OF_EMI1,SCF BETA TRCP MEDIATED DEGRADATION OF EMI1,0.9200324765665319,1,21
Reactome,REACTOME_SELECTIVE_AUTOPHAGY,SELECTIVE AUTOPHAGY,0.8269448372215126,1,29
Reactome,REACTOME_SELENOAMINO_ACID_METABOLISM,SELENOAMINO ACID METABOLISM,-0.6148160841329864,1,20
Reactome,REACTOME_SEMAPHORIN_INTERACTIONS,SEMAPHORIN INTERACTIONS,-0.9820545492685218,1,34
Reactome,REACTOME_SENESCENCE_ASSOCIATED_SECRETORY_PHENOTYPE_SASP,SENESCENCE ASSOCIATED SECRETORY PHENOTYPE SASP,0.8156250949226609,1,29
Reactome,REACTOME_SEPARATION_OF_SISTER_CHROMATIDS,SEPARATION OF SISTER CHROMATIDS,0.6323194646776922,1,47
Reactome,REACTOME_SHC1_EVENTS_IN_ERBB2_SIGNALING,SHC1 EVENTS IN ERBB2 SIGNALING,-0.9860778875232592,1,18
Reactome,REACTOME_SHC_MEDIATED_CASCADE_FGFR1,SHC MEDIATED CASCADE FGFR1,0.904990826170765,1,20
Reactome,REACTOME_SHC_MEDIATED_CASCADE_FGFR3,SHC MEDIATED CASCADE FGFR3,0.9537753506437354,1,17
Reactome,REACTOME_SHC_MEDIATED_CASCADE_FGFR4,SHC MEDIATED CASCADE FGFR4,0.719176533555529,1,19
Reactome,REACTOME_SIALIC_ACID_METABOLISM,SIALIC ACID METABOLISM,-1.129279669917819,1,20
Reactome,REACTOME_SIGNALING_BY_ALK,SIGNALING BY ALK,1.1174023938749251,1,16
Reactome,REACTOME_SIGNALING_BY_ALK_IN_CANCER,SIGNALING BY ALK IN CANCER,0.812440877383929,1,48
Reactome,REACTOME_SIGNALING_BY_BMP,SIGNALING BY BMP,0.7807750575292702,1,22
Reactome,REACTOME_SIGNALING_BY_BRAF_AND_RAF1_FUSIONS,SIGNALING BY BRAF AND RAF1 FUSIONS,-0.45767491393728443,1,31
Reactome,REACTOME_SIGNALING_BY_CSF1_M_CSF_IN_MYELOID_CELLS,SIGNALING BY CSF1 M CSF IN MYELOID CELLS,-0.9925045942211083,1,21
Reactome,REACTOME_SIGNALING_BY_CSF3_G_CSF,SIGNALING BY CSF3 G CSF,-1.0456543660902409,1,20
Reactome,REACTOME_SIGNALING_BY_EGFR,SIGNALING BY EGFR,0.8334966200321189,1,30
Reactome,REACTOME_SIGNALING_BY_EGFR_IN_CANCER,SIGNALING BY EGFR IN CANCER,0.7691125525052549,1,19
Reactome,REACTOME_SIGNALING_BY_ERBB2,SIGNALING BY ERBB2,-0.8000735590797362,1,39
Reactome,REACTOME_SIGNALING_BY_ERBB2_IN_CANCER,SIGNALING BY ERBB2 IN CANCER,-0.8769788770268434,1,21
Reactome,REACTOME_SIGNALING_BY_ERBB4,SIGNALING BY ERBB4,-0.9076400723214079,1,33
Reactome,REACTOME_SIGNALING_BY_ERYTHROPOIETIN,SIGNALING BY ERYTHROPOIETIN,0.6932756430140908,1,16
Reactome,REACTOME_SIGNALING_BY_FGFR,SIGNALING BY FGFR,0.9997301597743798,1,60
Reactome,REACTOME_SIGNALING_BY_FGFR1,SIGNALING BY FGFR1,1.1495969521248672,1,41
Reactome,REACTOME_SIGNALING_BY_FGFR1_IN_DISEASE,SIGNALING BY FGFR1 IN DISEASE,1.2037462297659083,1,22
Reactome,REACTOME_SIGNALING_BY_FGFR2,SIGNALING BY FGFR2,1.0525648710513096,1,46
Reactome,REACTOME_SIGNALING_BY_FGFR3,SIGNALING BY FGFR3,1.0253345362938286,1,31
Reactome,REACTOME_SIGNALING_BY_FGFR4,SIGNALING BY FGFR4,0.8923631064353211,1,32
Reactome,REACTOME_SIGNALING_BY_FGFR_IN_DISEASE,SIGNALING BY FGFR IN DISEASE,1.1486053350307,1,33
Reactome,REACTOME_SIGNALING_BY_GPCR,SIGNALING BY GPCR,1.0119853738936402,1,211
Reactome,REACTOME_SIGNALING_BY_HEDGEHOG,SIGNALING BY HEDGEHOG,-0.7991003317088954,1,46
Reactome,REACTOME_SIGNALING_BY_INSULIN_RECEPTOR,SIGNALING BY INSULIN RECEPTOR,0.8530679920592746,1,43
Reactome,REACTOME_SIGNALING_BY_KIT_IN_DISEASE,SIGNALING BY KIT IN DISEASE,-0.8234923578176166,1,15
Reactome,REACTOME_SIGNALING_BY_MET,SIGNALING BY MET,-1.0713075517138007,1,42
Reactome,REACTOME_SIGNALING_BY_MODERATE_KINASE_ACTIVITY_BRAF_MUTANTS,SIGNALING BY MODERATE KINASE ACTIVITY BRAF MUTANTS,-0.6199407486161083,1,24
Reactome,REACTOME_SIGNALING_BY_NOTCH,SIGNALING BY NOTCH,-1.0296297586986078,1,73
Reactome,REACTOME_SIGNALING_BY_NOTCH3,SIGNALING BY NOTCH3,-0.963188142905954,1,20
Reactome,REACTOME_SIGNALING_BY_NOTCH4,SIGNALING BY NOTCH4,-0.7497657481321791,1,33
Reactome,REACTOME_SIGNALING_BY_NTRK2_TRKB,SIGNALING BY NTRK2 TRKB,0.9749737885749589,1,17
Reactome,REACTOME_SIGNALING_BY_NTRKS,SIGNALING BY NTRKS,0.7704561611693818,1,62
Reactome,REACTOME_SIGNALING_BY_NUCLEAR_RECEPTORS,SIGNALING BY NUCLEAR RECEPTORS,-0.7357968826837988,1,92
Reactome,REACTOME_SIGNALING_BY_PDGF,SIGNALING BY PDGF,0.5843520367274607,1,39
Reactome,REACTOME_SIGNALING_BY_PTK6,SIGNALING BY PTK6,-0.9002729736860465,1,33
Reactome,REACTOME_SIGNALING_BY_RECEPTOR_TYROSINE_KINASES,SIGNALING BY RECEPTOR TYROSINE KINASES,0.8800678932153665,1,265
Reactome,REACTOME_SIGNALING_BY_RHO_GTPASES_MIRO_GTPASES_AND_RHOBTB3,SIGNALING BY RHO GTPASES MIRO GTPASES AND RHOBTB3,0.647454138436728,1,188
Reactome,REACTOME_SIGNALING_BY_ROBO_RECEPTORS,SIGNALING BY ROBO RECEPTORS,-0.9748388542584498,1,66
Reactome,REACTOME_SIGNALING_BY_SCF_KIT,SIGNALING BY SCF KIT,0.7417488927608474,1,32
Reactome,REACTOME_SIGNALING_BY_TGFBR3,SIGNALING BY TGFBR3,0.9545189440382689,1,19
Reactome,REACTOME_SIGNALING_BY_TGFB_FAMILY_MEMBERS,SIGNALING BY TGFB FAMILY MEMBERS,1.0133415742456042,1,73
Reactome,REACTOME_SIGNALING_BY_TGF_BETA_RECEPTOR_COMPLEX,SIGNALING BY TGF BETA RECEPTOR COMPLEX,-0.6975188039698115,1,42
Reactome,REACTOME_SIGNALING_BY_THE_B_CELL_RECEPTOR_BCR,SIGNALING BY THE B CELL RECEPTOR BCR,-0.7282577842918154,1,49
Reactome,REACTOME_SIGNALING_BY_TYPE_1_INSULIN_LIKE_GROWTH_FACTOR_1_RECEPTOR_IGF1R,SIGNALING BY TYPE 1 INSULIN LIKE GROWTH FACTOR 1 RECEPTOR IGF1R,-0.8507530722548731,1,39
Reactome,REACTOME_SIGNALING_BY_VEGF,SIGNALING BY VEGF,0.9149606159049757,1,55
Reactome,REACTOME_SIGNALING_BY_WNT,SIGNALING BY WNT,0.6885330337762668,1,100
Reactome,REACTOME_SIGNALLING_TO_ERKS,SIGNALLING TO ERKS,0.6698366924594035,1,26
Reactome,REACTOME_SIGNALLING_TO_RAS,SIGNALLING TO RAS,0.755839333483007,1,17
Reactome,REACTOME_SLC_MEDIATED_TRANSMEMBRANE_TRANSPORT,SLC MEDIATED TRANSMEMBRANE TRANSPORT,-0.48202181057750176,1,25
Reactome,REACTOME_SMAD2_SMAD3_SMAD4_HETEROTRIMER_REGULATES_TRANSCRIPTION,SMAD2 SMAD3 SMAD4 HETEROTRIMER REGULATES TRANSCRIPTION,-0.5490486097959564,1,15
Reactome,REACTOME_SMOOTH_MUSCLE_CONTRACTION,SMOOTH MUSCLE CONTRACTION,-0.5686907885350827,1,18
Reactome,REACTOME_SOMITOGENESIS,SOMITOGENESIS,0.6630301187068484,1,21
Reactome,REACTOME_SPOP_MEDIATED_PROTEASOMAL_DEGRADATION_OF_PD_L1_CD274,SPOP MEDIATED PROTEASOMAL DEGRADATION OF PD L1 CD274,1.0971051904804001,1,26
Reactome,REACTOME_SRP_DEPENDENT_COTRANSLATIONAL_PROTEIN_TARGETING_TO_MEMBRANE,SRP DEPENDENT COTRANSLATIONAL PROTEIN TARGETING TO MEMBRANE,0.8086878444843382,1,19
Reactome,REACTOME_STABILIZATION_OF_P53,STABILIZATION OF P53,-0.5986755280494743,1,23
Reactome,REACTOME_STIMULI_SENSING_CHANNELS,STIMULI SENSING CHANNELS,-0.9971411445339685,1,19
Reactome,REACTOME_SUMOYLATION,SUMOYLATION,1.1298369188103208,1,46
Reactome,REACTOME_SWITCHING_OF_ORIGINS_TO_A_POST_REPLICATIVE_STATE,SWITCHING OF ORIGINS TO A POST REPLICATIVE STATE,0.7937997033357724,1,31
Reactome,REACTOME_SYNDECAN_INTERACTIONS,SYNDECAN INTERACTIONS,-0.8635740487405899,1,15
Reactome,REACTOME_SYNTHESIS_OF_ACTIVE_UBIQUITIN_ROLES_OF_E1_AND_E2_ENZYMES,SYNTHESIS OF ACTIVE UBIQUITIN ROLES OF E1 AND E2 ENZYMES,-0.6909737180822414,1,16
Reactome,REACTOME_SYNTHESIS_OF_DNA,SYNTHESIS OF DNA,-0.7011550079803806,1,38
Reactome,REACTOME_SYNTHESIS_OF_PIPS_AT_THE_PLASMA_MEMBRANE,SYNTHESIS OF PIPS AT THE PLASMA MEMBRANE,0.7226754636509052,1,18
Reactome,REACTOME_S_PHASE,S PHASE,-0.6800773932489187,1,54
Reactome,REACTOME_TAK1_DEPENDENT_IKK_AND_NF_KAPPA_B_ACTIVATION,TAK1 DEPENDENT IKK AND NF KAPPA B ACTIVATION,-0.994459566836925,1,17
Reactome,REACTOME_TBC_RABGAPS,TBC RABGAPS,0.5827724245248637,1,15
Reactome,REACTOME_TCF_DEPENDENT_SIGNALING_IN_RESPONSE_TO_WNT,TCF DEPENDENT SIGNALING IN RESPONSE TO WNT,0.9830996706493319,1,69
Reactome,REACTOME_TCR_SIGNALING,TCR SIGNALING,-0.5321591003042895,1,54
Reactome,REACTOME_TGF_BETA_RECEPTOR_SIGNALING_ACTIVATES_SMADS,TGF BETA RECEPTOR SIGNALING ACTIVATES SMADS,-0.5811582155035219,1,25
Reactome,REACTOME_THE_ROLE_OF_GTSE1_IN_G2_M_PROGRESSION_AFTER_G2_CHECKPOINT,THE ROLE OF GTSE1 IN G2 M PROGRESSION AFTER G2 CHECKPOINT,0.6995774825192198,1,27
Reactome,REACTOME_TNFR2_NON_CANONICAL_NF_KB_PATHWAY,TNFR2 NON CANONICAL NF KB PATHWAY,-0.7865465679730459,1,57
Reactome,REACTOME_TNFS_BIND_THEIR_PHYSIOLOGICAL_RECEPTORS,TNFS BIND THEIR PHYSIOLOGICAL RECEPTORS,-0.9384632036001287,1,26
Reactome,REACTOME_TNF_SIGNALING,TNF SIGNALING,-0.5723302118054939,1,24
Reactome,REACTOME_TOLL_LIKE_RECEPTOR_9_TLR9_CASCADE,TOLL LIKE RECEPTOR 9 TLR9 CASCADE,-1.0813790650354334,1,47
Reactome,REACTOME_TOLL_LIKE_RECEPTOR_CASCADES,TOLL LIKE RECEPTOR CASCADES,-0.9048103257109952,1,85
Reactome,REACTOME_TOLL_LIKE_RECEPTOR_TLR1_TLR2_CASCADE,TOLL LIKE RECEPTOR TLR1 TLR2 CASCADE,-1.0545847543202473,1,55
Reactome,REACTOME_TP53_REGULATES_TRANSCRIPTION_OF_CELL_CYCLE_GENES,TP53 REGULATES TRANSCRIPTION OF CELL CYCLE GENES,1.1300360793394506,1,15
Reactome,REACTOME_TP53_REGULATES_TRANSCRIPTION_OF_CELL_DEATH_GENES,TP53 REGULATES TRANSCRIPTION OF CELL DEATH GENES,-1.0856310039523915,1,19
Reactome,REACTOME_TRAF6_MEDIATED_IRF7_ACTIVATION,TRAF6 MEDIATED IRF7 ACTIVATION,0.9111122375261855,1,16
Reactome,REACTOME_TRANSCRIPTIONAL_ACTIVITY_OF_SMAD2_SMAD3_SMAD4_HETEROTRIMER,TRANSCRIPTIONAL ACTIVITY OF SMAD2 SMAD3 SMAD4 HETEROTRIMER,-0.9818264962300582,1,23
Reactome,REACTOME_TRANSCRIPTIONAL_AND_POST_TRANSLATIONAL_REGULATION_OF_MITF_M_EXPRESSION_AND_ACTIVITY,TRANSCRIPTIONAL AND POST TRANSLATIONAL REGULATION OF MITF M EXPRESSION AND ACTIVITY,0.9152807079953204,1,28
Reactome,REACTOME_TRANSCRIPTIONAL_REGULATION_BY_MECP2,TRANSCRIPTIONAL REGULATION BY MECP2,0.5962967711643661,1,24
Reactome,REACTOME_TRANSCRIPTIONAL_REGULATION_BY_RUNX1,TRANSCRIPTIONAL REGULATION BY RUNX1,-0.7358209234340937,1,65
Reactome,REACTOME_TRANSCRIPTIONAL_REGULATION_BY_RUNX2,TRANSCRIPTIONAL REGULATION BY RUNX2,-0.7024968598843188,1,51
Reactome,REACTOME_TRANSCRIPTIONAL_REGULATION_BY_RUNX3,TRANSCRIPTIONAL REGULATION BY RUNX3,-0.8039294891397495,1,45
Reactome,REACTOME_TRANSCRIPTIONAL_REGULATION_BY_THE_AP_2_TFAP2_FAMILY_OF_TRANSCRIPTION_FACTORS,TRANSCRIPTIONAL REGULATION BY THE AP 2 TFAP2 FAMILY OF TRANSCRIPTION FACTORS,1.0388210192796854,1,16
Reactome,REACTOME_TRANSCRIPTIONAL_REGULATION_BY_TP53,TRANSCRIPTIONAL REGULATION BY TP53,-0.9237609640426885,1,114
Reactome,REACTOME_TRANSCRIPTIONAL_REGULATION_BY_VENTX,TRANSCRIPTIONAL REGULATION BY VENTX,-0.8565128889440938,1,16
Reactome,REACTOME_TRANSCRIPTION_COUPLED_NUCLEOTIDE_EXCISION_REPAIR_TC_NER,TRANSCRIPTION COUPLED NUCLEOTIDE EXCISION REPAIR TC NER,-0.9402928143047721,1,20
Reactome,REACTOME_TRANSLATION,TRANSLATION,0.8077192326785518,1,74
Reactome,REACTOME_TRANSLATION_OF_SARS_COV_1_STRUCTURAL_PROTEINS,TRANSLATION OF SARS COV 1 STRUCTURAL PROTEINS,-1.0568485182405765,1,15
Reactome,REACTOME_TRANSLATION_OF_SARS_COV_2_STRUCTURAL_PROTEINS,TRANSLATION OF SARS COV 2 STRUCTURAL PROTEINS,-1.2279791490767136,1,24
Reactome,REACTOME_TRANSLOCATION_OF_SLC2A4_GLUT4_TO_THE_PLASMA_MEMBRANE,TRANSLOCATION OF SLC2A4 GLUT4 TO THE PLASMA MEMBRANE,-1.0507358481298934,1,18
Reactome,REACTOME_TRANSPORT_OF_SMALL_MOLECULES,TRANSPORT OF SMALL MOLECULES,0.8308463577695755,1,143
Reactome,REACTOME_TRANSPORT_TO_THE_GOLGI_AND_SUBSEQUENT_MODIFICATION,TRANSPORT TO THE GOLGI AND SUBSEQUENT MODIFICATION,-1.0468049446602894,1,67
Reactome,REACTOME_TRANS_GOLGI_NETWORK_VESICLE_BUDDING,TRANS GOLGI NETWORK VESICLE BUDDING,-0.9074979300762172,1,34
Reactome,REACTOME_TURBULENT_OSCILLATORY_DISTURBED_FLOW_SHEAR_STRESS_ACTIVATES_SIGNALING_BY_PIEZO1_AND_INTEGRINS_IN_ENDOTHELIAL_CELLS,TURBULENT OSCILLATORY DISTURBED FLOW SHEAR STRESS ACTIVATES SIGNALING BY PIEZO1 AND INTEGRINS IN ENDOTHELIAL CELLS,-0.8380722302460749,1,15
Reactome,REACTOME_UBIQUITIN_DEPENDENT_DEGRADATION_OF_CYCLIN_D,UBIQUITIN DEPENDENT DEGRADATION OF CYCLIN D,0.826171480154608,1,19
Reactome,REACTOME_UBIQUITIN_MEDIATED_DEGRADATION_OF_PHOSPHORYLATED_CDC25A,UBIQUITIN MEDIATED DEGRADATION OF PHOSPHORYLATED CDC25A,0.8427987031537715,1,26
Reactome,REACTOME_UB_SPECIFIC_PROCESSING_PROTEASES,UB SPECIFIC PROCESSING PROTEASES,0.742729531961405,1,60
Reactome,REACTOME_UCH_PROTEINASES,UCH PROTEINASES,0.9632710230250944,1,27
Reactome,REACTOME_UNFOLDED_PROTEIN_RESPONSE_UPR,UNFOLDED PROTEIN RESPONSE UPR,0.8686644080734434,1,36
Reactome,REACTOME_VESICLE_MEDIATED_TRANSPORT,VESICLE MEDIATED TRANSPORT,-0.8989691095271088,1,228
Reactome,REACTOME_VIF_MEDIATED_DEGRADATION_OF_APOBEC3G,VIF MEDIATED DEGRADATION OF APOBEC3G,0.7836372832071258,1,20
Reactome,REACTOME_VIRAL_INFECTION_PATHWAYS,VIRAL INFECTION PATHWAYS,-0.8040959730867173,1,337
